"","ages","Stimulating","Anxiety_producing","Calming","Love","Blissful","Energetic","Sociable","Charming","Bizarre","Intense","Difficult","Funny","Interesting","Visual","Spiritual","Enhanced_body_feeling","Bodily_discomfort","Enhanced_imagination","Rational","Irritating","Confusing","Fast_paced","Trivial","Long_lasting","Emotional","Constructive","Self_centered","Dangerous","Constructive","Erotic","Worth_it","Sneaky","Too_much","Sobering","Spaced_out","Colorful","Relieving","Insightful","Profound","Mystical","Incredible","Life_changing","Impairing","Subtle","Easy_to_overdoo","Hard_to_resist","Intellectual","Enhances_aesthetics","Digital","Artistic","Enjoyment_of_music","Delight_in_food","substance","times_taken","samples"
"1",24,1,1,1,1,1,1,1,1,1,1,1,2,1,0,1,1,0,1,-1,0,1,-1,0,0,0,1,1,0,0,0,1,0,0,-1,1,0,1,1,1,1,1,1,1,-1,1,1,1,1,0,1,1,1,"Marijuana",6,64
"2",51,1,0,1,1,1,0,0,0,1,1,0,1,1,-1,1,1,0,2,0,-1,0,-1,-1,0,1,0,0,-2,0,1,1,0,-1,-1,1,0,2,2,1,1,1,1,0,0,-1,1,1,1,0,1,1,2,"Marijuana",7,64
"3",21,2,0,0,2,2,2,1,1,1,2,0,2,2,2,2,2,0,2,0,0,0,1,-2,2,2,2,2,-2,2,0,2,0,0,0,2,2,1,2,2,2,2,2,0,0,0,0,1,2,0,2,2,2,"LSD",3,74
"4",27,2,-2,1,2,2,2,-1,0,2,2,1,0,2,2,2,2,-1,1,-1,0,1,2,0,-2,1,1,1,-2,1,0,2,0,0,0,1,2,1,1,2,2,2,1,1,-2,0,1,1,1,0,2,2,0,"DMT",5,17
"5",49,0,0,2,2,2,1,0,0,0,0,0,2,1,0,2,1,-2,2,2,-2,-2,-2,-2,0,1,1,-2,-2,1,0,1,1,-2,-2,-2,-2,2,2,2,1,0,0,0,1,1,0,2,2,0,2,2,2,"Marijuana",6,64
"6",26,2,0,1,2,2,1,1,2,1,2,-1,2,2,1,1,1,0,2,-2,-2,-2,1,-1,1,2,0,-1,-1,0,1,2,-2,-2,1,-1,2,2,2,2,2,2,1,-1,-2,0,1,2,2,-2,2,2,2,"LSD",5,74
"7",49,1,2,-2,0,0,0,0,0,0,1,1,0,0,0,0,0,2,0,0,2,0,0,0,0,0,-1,0,2,0,0,-2,0,2,0,0,0,0,0,0,0,0,0,1,0,0,-2,0,0,0,0,0,0,"Saint John's Wort",1,2
"8",49,1,-2,0,1,0,1,2,1,0,0,0,1,0,0,0,-1,-1,1,0,1,1,0,0,1,2,-1,1,2,-1,0,-2,0,2,-2,0,0,0,-2,0,0,0,0,2,0,2,-1,0,0,0,0,0,0,"Alcohol",7,34
"9",23,2,0,-1,-1,-1,2,2,2,2,2,0,1,2,0,0,2,1,1,-2,0,1,2,0,0,1,-2,2,2,-2,0,-2,2,2,-2,0,0,-2,0,1,0,-2,-2,-1,-1,-2,0,-2,-2,-2,0,1,-2,"Cocaine",3,10
"10",49,1,2,2,1,1,-2,-2,-2,0,2,2,-2,2,2,2,2,-1,2,1,1,1,-2,-2,1,-1,-2,2,-2,-1,1,2,1,1,-2,2,2,-1,2,2,2,2,1,2,1,2,-2,2,2,-2,1,2,1,"Marijuana",6,64
"11",26,2,-2,1,2,2,2,2,2,2,2,-2,2,2,2,2,2,-2,2,1,-2,-2,2,-2,0,2,2,-1,-2,2,2,2,-2,0,0,-2,2,2,2,2,2,2,2,0,-2,0,2,2,2,-2,2,2,1,"2C-B",3,8
"12",18,2,1,0,1,2,2,2,1,-2,-1,1,0,0,0,0,0,0,2,1,0,0,1,0,1,0,2,0,-1,2,1,2,0,-2,0,-2,0,1,0,0,0,1,0,-2,-1,-1,1,2,2,0,0,1,-1,"D-Amphetamine",3,12
"13",49,2,2,2,2,2,-1,-2,-2,2,2,2,2,2,2,2,2,2,2,-2,1,1,-1,-2,2,-1,1,2,1,1,-2,2,2,2,-2,2,2,-2,2,2,2,2,2,2,-1,2,1,2,2,1,2,2,-2,"LSD",3,74
"14",26,2,-2,2,2,2,2,2,2,0,2,-1,2,2,2,2,2,-2,2,-2,-2,-2,0,-2,1,2,2,-1,-2,2,2,2,-2,-2,2,-2,2,2,2,2,2,2,2,-1,-2,-2,2,2,2,-2,2,2,2,"Mescaline",3,7
"15",24,0,0,0,0,0,0,0,0,0,0,0,0,0,0,0,0,0,0,0,0,0,0,0,0,0,0,0,0,0,0,0,0,0,0,0,0,0,0,0,0,0,0,0,0,0,0,0,0,0,0,0,0,"Saint John's Wort",1,2
"16",18,2,1,-1,2,2,2,2,2,-1,1,0,0,1,0,0,0,0,2,1,1,0,1,0,1,2,1,-1,-2,1,0,2,0,-2,1,-2,0,0,2,2,0,1,0,-1,-1,-1,2,2,1,0,0,1,0,"Ethylphenidate",2,1
"17",24,1,0,1,0,0,0,1,0,0,0,0,0,0,-1,-1,0,1,0,-1,0,1,0,0,0,0,-1,1,1,0,0,0,0,0,-1,0,0,0,0,-1,-1,0,-1,1,-1,2,1,0,0,0,0,1,0,"Alcohol",6,34
"18",18,2,2,-2,0,1,1,0,0,2,2,2,2,2,2,2,1,1,2,-1,0,2,1,-2,2,2,2,2,0,2,1,2,1,1,-2,2,2,-2,2,2,2,2,2,0,-2,1,1,2,2,1,2,2,-2,"LSD",4,74
"19",45,1,1,1,0,0,0,0,-1,0,1,1,1,2,2,0,-1,1,0,-1,0,-1,0,-2,1,1,1,0,-1,1,-2,1,1,-1,1,1,0,0,1,1,0,-1,1,0,0,1,-2,1,1,0,0,2,1,"Psilocybin",3,39
"20",30,1,1,1,1,2,0,-2,0,2,2,2,2,2,2,2,1,-2,2,1,0,1,2,0,0,2,1,1,0,0,0,2,0,0,0,2,2,0,1,2,2,2,2,0,0,-2,-1,2,0,0,1,0,0,"DMT",4,17
"21",50,1,0,1,1,1,0,1,0,-1,-1,-2,2,2,0,1,2,-2,2,-1,-2,-1,-2,-2,1,2,0,-1,-2,1,2,2,-2,-1,-2,1,1,2,2,1,1,1,1,-1,1,-2,0,1,2,1,2,2,2,"Marijuana",6,64
"22",44,1,1,-1,-1,-1,-1,-1,-1,0,1,1,0,1,1,-1,-2,2,0,0,1,1,0,-1,1,1,0,0,0,1,-2,0,-1,1,0,0,0,0,0,-1,-1,0,0,1,-1,2,-2,1,1,0,0,0,0,"LSD",1,74
"23",30,1,-1,2,2,2,0,0,1,0,1,0,2,2,1,1,1,0,1,0,0,0,1,0,0,1,1,1,-2,2,0,2,0,0,0,1,2,1,1,1,1,1,1,0,0,0,1,2,0,0,1,2,1,"Psilocybin",6,39
"24",44,0,0,0,0,0,0,0,0,0,0,0,0,0,0,0,0,0,0,0,0,0,0,0,0,0,0,0,0,0,0,0,0,0,0,0,0,0,0,0,0,0,0,0,0,0,0,0,0,0,0,0,0,"Piracetam",3,5
"25",28,2,1,1,1,2,-1,2,1,1,0,-2,2,2,0,1,1,-2,2,1,-2,1,-2,-2,1,0,-1,0,-2,-1,1,2,0,0,-1,1,1,1,1,1,1,2,2,0,1,-2,0,1,2,0,2,2,2,"Marijuana",7,64
"26",30,1,0,1,2,2,2,1,1,0,1,1,2,2,1,2,1,0,2,2,0,0,1,0,1,1,1,1,0,1,0,2,1,0,0,1,1,1,1,1,1,1,1,0,0,0,0,2,0,0,2,2,1,"LSD",5,74
"27",44,1,-1,1,0,0,1,-1,0,0,-1,-1,-1,0,0,0,0,0,1,1,-1,-1,0,0,1,0,1,1,0,1,0,2,0,0,0,0,0,1,0,0,0,0,0,-1,1,-1,0,1,0,0,0,0,0,"Modafinil",3,3
"28",28,1,0,-1,0,1,1,0,-1,1,2,2,1,2,2,2,2,1,1,2,0,0,0,-2,1,0,0,-1,-1,0,1,2,-2,1,-1,-1,1,-2,2,2,2,2,2,0,-2,1,0,2,2,2,0,2,0,"2C-E",5,4
"29",27,2,-1,1,2,2,2,2,2,1,0,-1,0,1,2,2,2,0,2,1,-2,0,0,-1,1,1,2,1,0,1,1,2,0,-1,-1,1,2,1,2,2,2,1,0,0,1,2,-2,2,2,0,2,2,0,"2C-E",2,4
"30",16,1,0,2,1,2,-2,-2,-2,2,1,0,1,1,2,1,1,1,2,0,-1,1,-2,0,-1,0,-2,1,0,-2,-2,2,-1,-2,1,2,2,2,1,0,-1,1,1,2,-2,-2,-2,-2,2,0,1,2,-1,"DXM",3,9
"31",20,2,1,0,-1,-2,2,2,1,0,2,0,0,1,0,-2,0,-2,0,1,0,-1,1,0,1,-1,-1,-1,-2,2,-2,2,0,-2,-1,-2,-2,-2,-2,-2,-2,1,1,-2,1,0,-1,1,-1,-1,-2,-1,-1,"Modafinil",3,3
"32",27,1,-1,1,0,0,0,0,0,0,0,0,0,1,-2,-2,-1,0,-2,0,-1,-2,0,-2,-1,-2,-2,1,0,0,0,2,-2,-2,-2,0,-2,-2,-2,-2,-2,-2,-2,-2,-2,1,1,0,-2,-2,-2,-1,-2,"Cocaine",5,10
"33",22,2,0,0,1,1,1,0,-1,2,2,2,2,2,2,1,2,1,2,-2,0,2,0,0,2,2,2,-1,-2,0,1,2,2,0,-2,2,2,1,0,2,2,2,2,0,2,-2,-2,0,2,1,2,2,-2,"LSD",5,74
"34",24,1,1,0,-1,-1,0,-1,-1,0,0,0,0,0,-1,-1,-1,1,0,1,1,0,0,1,-1,0,0,1,1,0,0,-2,1,0,1,0,0,0,0,0,0,0,0,0,2,1,1,1,-1,0,0,0,-1,"Tobacco",6,7
"35",45,0,0,0,1,1,0,1,0,2,2,0,2,2,2,-1,2,1,2,-1,1,1,0,0,2,1,0,0,0,0,1,2,0,1,0,1,0,0,1,2,1,2,1,-1,0,2,1,2,2,0,1,2,2,"Psilocybin",4,39
"36",24,2,1,-2,2,2,2,0,0,0,2,2,1,2,2,1,2,0,2,1,-1,0,2,-2,2,2,1,0,-2,1,-1,2,0,1,-1,1,2,-1,2,2,1,2,2,0,-2,2,0,2,2,1,2,2,0,"LSD",5,74
"37",23,1,1,-1,2,0,1,-1,2,0,1,1,1,2,2,1,1,1,2,0,0,1,0,-1,0,0,0,1,0,1,0,2,0,0,0,0,1,0,1,1,0,1,0,0,-1,0,0,2,1,0,2,1,0,"LSD",4,74
"38",24,-1,-2,2,0,2,-2,-1,0,-2,2,-2,0,1,-2,-1,2,-2,1,-1,0,-1,-1,0,1,1,-1,2,2,-1,-1,-2,2,1,-2,2,-1,2,0,-1,-2,1,2,2,-2,2,2,0,2,0,0,2,-1,"Morphine",6,5
"39",25,1,-2,2,-2,2,-2,-2,0,1,2,2,-2,1,-2,-2,2,1,-2,-2,1,1,-2,0,1,-2,-2,2,2,-2,-2,-2,2,2,-2,2,-2,2,-2,2,-2,2,2,2,-2,2,2,-2,-2,-2,1,-1,-2,"Heroine",6,20
"40",21,0,0,0,0,1,2,1,0,2,2,1,2,2,2,1,1,1,2,1,-1,1,2,-1,1,0,2,1,2,1,1,2,1,0,-1,1,2,0,2,2,2,2,2,1,0,1,2,2,2,2,2,2,1,"LSD",3,74
"41",30,1,-1,1,1,1,0,2,1,2,2,-1,1,2,2,2,2,0,2,0,-1,1,0,0,1,1,0,-1,-2,0,0,2,-2,-2,-2,1,2,1,2,1,2,2,2,1,0,1,0,1,1,0,2,2,1,"Psilocybin",3,39
"42",26,1,-2,2,2,2,1,2,2,-2,0,-2,0,1,-2,-2,2,-2,0,1,-2,-2,1,-2,0,2,2,2,-2,2,2,2,-2,-2,-2,-2,0,2,2,2,0,2,2,-2,-2,-2,1,1,1,1,1,2,-1,"MDMA",5,45
"43",16,1,-1,2,2,1,0,-2,-1,-1,2,-1,2,2,2,2,2,-1,2,-2,-2,-1,-2,-1,2,1,0,2,-2,1,-2,2,-2,-2,-2,2,2,2,2,2,2,1,2,0,-2,-2,-1,2,2,0,2,2,-2,"LSD",2,74
"44",30,2,1,-1,0,0,2,-1,0,0,1,-1,0,1,-2,0,-2,0,1,2,0,-2,2,-1,1,-1,2,-1,-1,2,0,2,-1,-2,0,-2,-2,1,2,1,0,1,-1,-2,1,-1,0,2,-2,0,1,0,-2,"D-Amphetamine",7,12
"45",20,1,0,-1,1,1,1,-1,0,2,2,0,1,2,2,1,1,1,2,1,-1,1,1,-2,2,1,1,0,1,1,-2,2,0,0,-2,1,2,0,2,2,1,2,2,-1,-2,0,-2,2,2,1,2,1,-2,"LSD",4,74
"46",16,2,1,-2,-1,-2,2,2,1,0,-1,0,1,2,-2,0,1,-2,2,0,1,-1,1,2,2,-1,1,0,-2,1,2,2,-1,-2,0,-1,-2,0,1,2,-2,1,-1,-2,1,1,-1,0,-2,0,2,1,-2,"D-Amphetamine",3,12
"47",20,0,1,1,0,1,-1,-2,0,2,2,2,0,2,2,2,2,2,2,0,0,2,2,-2,-2,0,0,0,0,0,-2,2,0,2,-2,2,2,0,0,2,2,2,2,2,-2,2,-2,0,2,2,0,0,-2,"DMT",1,17
"48",24,-1,2,-2,-2,-1,-2,-2,-1,2,2,2,1,2,1,2,-1,2,2,-2,1,2,2,-2,-1,1,-2,1,-1,-2,-2,1,1,2,-1,2,1,-2,1,2,2,2,1,2,-2,1,-2,1,-1,-2,1,-1,-2,"Salvia",2,10
"49",20,-1,1,1,1,1,-1,-2,1,2,2,1,1,2,1,2,1,-1,1,-1,-1,2,0,-2,1,2,1,0,1,0,-2,2,1,1,-2,2,1,0,1,2,2,2,2,0,-2,2,0,0,1,0,1,2,-2,"Psilocybin",2,39
"50",20,-1,-1,1,1,1,2,0,0,2,0,0,1,2,1,2,1,0,2,-1,0,1,-1,0,2,1,1,-1,-2,1,1,1,-2,-2,0,1,2,2,2,2,2,2,2,-2,-1,-1,-1,2,-1,-1,1,2,1,"LSD",3,74
"51",20,1,2,1,1,1,1,1,1,1,1,1,2,1,0,1,1,-1,1,1,-2,1,-1,-1,-1,1,1,-1,-2,1,1,2,1,-1,-2,1,0,0,1,0,1,0,0,0,0,-1,2,0,1,0,1,2,2,"Marijuana",7,64
"52",20,-1,2,-2,-2,-2,-2,-2,-2,2,2,2,-2,2,1,0,2,2,2,-2,1,2,1,-2,-2,-2,-2,0,1,0,-2,-2,2,2,-2,2,0,-2,-2,0,2,2,2,2,-2,2,-2,-2,2,0,0,0,0,"Salvia",1,10
"53",20,1,1,1,0,0,-1,0,0,0,1,1,0,0,0,0,1,2,0,0,1,0,0,0,-2,0,0,0,0,0,0,-2,0,1,-1,0,0,0,0,0,0,0,0,0,1,-1,2,0,0,0,0,0,-1,"Tobacco",6,7
"54",31,2,-2,2,2,2,2,2,2,0,1,-1,2,1,0,0,2,-2,2,1,-1,-1,-1,0,1,0,2,0,0,2,1,2,0,0,0,1,1,2,2,1,0,1,2,-2,0,0,0,2,0,2,1,2,2,"Marijuana",7,64
"55",19,1,-2,2,1,0,0,2,1,2,2,1,2,0,-2,0,1,-2,0,-2,0,1,0,0,1,1,0,0,1,1,-2,1,2,-1,-2,-1,0,2,0,0,0,0,1,2,1,2,2,0,0,0,0,2,1,"Alcohol",6,34
"56",30,0,0,2,1,1,0,0,-1,1,1,-2,2,2,-1,-1,2,-2,2,0,-1,1,-2,0,-1,-1,1,0,-2,1,-1,2,1,-2,-2,1,2,2,1,1,0,0,1,0,0,-1,1,1,0,-2,2,2,2,"Marijuana",7,64
"57",19,2,0,1,2,2,2,2,2,2,1,-1,1,1,0,2,2,1,2,0,-2,0,2,-2,2,2,2,-2,0,2,2,2,0,1,1,-1,2,1,2,2,2,2,1,2,0,-1,-2,1,2,1,2,2,-2,"MDMA",3,45
"58",63,2,1,0,0,0,2,2,0,2,2,1,2,2,2,0,1,2,2,-2,-2,1,1,-2,1,0,0,0,2,0,0,2,-2,-2,-2,1,2,-2,1,1,0,1,1,1,-2,2,0,-2,1,1,1,1,-2,"LSD",3,74
"59",24,2,-2,2,2,2,0,2,1,0,2,0,0,0,1,1,2,1,1,-1,0,1,0,1,1,2,0,-1,-1,1,0,2,-1,0,-2,2,2,2,1,1,1,1,1,1,-2,1,2,-1,1,1,1,2,-2,"MDMA",5,45
"60",18,2,1,1,2,1,1,2,1,-2,1,0,0,1,0,1,2,0,1,0,-2,-1,0,-1,0,2,-1,-2,-1,-1,1,0,-2,0,-2,-1,0,0,1,1,1,2,1,0,-1,0,0,0,1,0,1,2,-1,"MDMA",5,45
"61",26,2,-1,1,0,1,2,1,-1,2,0,-1,2,2,2,1,2,-2,2,0,-2,1,0,-1,1,1,2,0,-2,1,-1,2,-2,-1,-1,1,1,0,2,1,1,2,1,0,-1,0,-2,0,2,-2,1,2,-1,"LSD",4,74
"62",34,2,-1,0,2,2,2,1,1,-1,2,0,1,2,2,2,2,-1,2,2,-1,-1,-2,-2,1,2,2,-2,-2,2,2,2,-2,-1,-1,-1,2,1,2,2,2,2,2,-1,-2,1,0,2,2,0,2,2,0,"LSD",1,74
"63",26,2,1,-1,1,0,1,2,1,-2,1,0,0,1,-2,-2,2,1,0,-1,-2,1,2,0,-1,2,1,1,-2,1,1,0,0,1,-2,-2,-1,-1,0,-1,-1,0,1,0,0,1,-2,-2,1,-1,-1,2,-2,"MDMA",4,45
"64",33,2,1,1,2,2,2,-2,1,2,2,1,2,2,2,2,2,-1,2,-2,0,1,2,-2,-2,2,2,-2,-2,2,0,2,1,1,-2,2,2,2,2,2,2,2,2,-2,-2,-2,0,2,2,2,2,2,-2,"DMT",4,17
"65",24,1,2,1,0,1,-1,1,0,0,1,0,2,1,1,0,2,-1,2,-1,-1,-1,1,1,2,1,-1,0,-2,-1,1,2,0,-2,-1,2,1,2,2,1,1,2,0,-1,-2,0,1,0,2,0,2,2,2,"Marijuana",6,64
"66",24,2,0,0,0,2,2,1,2,-2,1,0,0,1,-2,-2,1,-1,-2,2,-1,-1,2,-2,-1,-2,-2,1,1,0,2,2,2,0,1,-2,-2,-2,-2,-2,-2,1,0,-1,1,1,1,0,1,-1,-1,1,-2,"Cocaine",4,10
"67",18,-1,-2,1,0,-2,-2,2,-2,-2,0,1,2,-2,-2,-2,-2,1,-2,-2,0,0,0,1,1,0,0,0,2,-2,-2,-2,-2,0,-2,1,-2,1,-2,-2,-2,-2,-2,2,0,2,0,-2,-2,-2,-2,1,1,"Alcohol",4,34
"68",38,-2,-2,2,0,0,-2,0,0,0,2,0,0,0,0,0,0,0,0,0,0,0,0,0,2,0,0,0,2,0,0,1,0,2,-2,2,0,2,0,0,0,0,0,2,1,2,2,-2,0,0,0,0,0,"Clonazepam",6,4
"69",23,-1,-2,1,-2,-1,0,2,-2,1,-1,-2,0,-1,-2,-2,-2,0,1,-1,1,1,-1,0,-1,0,-1,1,2,-1,0,-2,1,0,-2,-2,-2,0,0,-2,-2,-2,0,1,0,1,1,-1,-1,-2,-1,1,2,"Alcohol",6,34
"70",23,1,2,1,1,2,-1,0,-2,0,-1,-1,2,0,1,1,1,0,2,1,-1,1,-1,-1,1,-1,0,-1,-2,0,-1,0,-1,-1,-1,1,0,-1,-1,-1,-1,-1,0,1,0,1,-2,-1,1,1,1,2,2,"Marijuana",5,64
"71",17,1,-1,0,1,0,0,1,-1,1,1,-1,1,2,2,2,2,0,2,1,-1,0,2,1,1,0,1,1,1,2,0,2,-2,0,0,2,0,1,-1,1,1,2,1,0,0,-1,-1,2,1,-1,1,1,1,"LSD",2,74
"72",23,1,1,1,2,2,1,1,1,2,2,1,2,2,2,1,1,0,2,1,-1,1,-1,-2,2,2,2,-1,-2,2,0,2,0,1,1,1,2,2,2,2,1,2,2,0,-1,-1,0,1,2,2,2,2,-2,"LSD",3,74
"73",23,2,-2,1,2,1,2,2,1,-2,-2,-2,-2,-2,-2,-2,0,-2,1,1,0,-2,1,2,1,-2,2,0,-2,2,-1,2,-2,-2,1,-2,-2,-2,0,-2,-2,0,-1,-2,2,-2,2,2,-2,-2,-2,0,-1,"Caffeine",7,7
"74",19,2,0,-2,2,0,2,2,2,0,2,-1,2,2,0,2,2,0,1,0,-1,-1,1,0,2,2,0,2,-2,0,1,1,0,0,0,1,1,0,2,0,-1,2,2,0,-2,2,0,0,0,-1,0,2,-2,"MDMA",3,45
"75",19,-1,1,-2,0,0,0,0,0,1,1,1,1,0,2,0,0,0,2,-2,-2,1,-1,0,2,0,0,2,0,0,-2,-1,0,1,0,1,1,-1,-1,-1,1,-1,-2,0,-2,-2,-2,-2,-2,-2,2,0,-2,"2C-B",1,8
"76",25,-2,-2,1,1,0,-1,2,2,1,-1,1,1,1,-2,-2,-2,1,-2,-1,0,0,0,0,0,1,-1,-1,-2,-1,-1,0,-2,1,-2,-2,-2,-2,-2,-2,-2,-2,-2,2,-1,2,-2,-2,-2,1,-1,1,2,"Alcohol",6,34
"77",34,2,0,1,2,2,2,2,2,-2,2,-2,2,2,0,2,2,-1,2,2,-2,-2,2,-2,0,2,2,-2,0,2,2,2,-2,-2,-2,-2,1,2,2,2,2,2,2,0,-1,1,1,2,2,-2,2,2,-1,"MDMA",5,45
"78",23,2,1,-2,0,1,2,2,0,-2,0,-1,-2,0,-1,-1,1,1,-1,2,1,-2,2,0,2,1,2,-1,0,2,-1,1,0,0,0,0,-2,-1,-1,-2,-2,0,1,-1,0,-1,1,2,1,2,-1,1,-2,"D-Amphetamine",4,12
"79",18,-1,2,2,2,2,2,1,2,1,-1,0,2,2,2,2,2,0,2,-2,-2,2,-2,2,0,0,0,0,0,0,1,1,1,0,2,2,2,2,2,2,2,2,2,1,1,2,-2,0,2,1,2,2,2,"Marijuana",7,64
"80",18,1,-1,1,2,2,1,2,1,0,0,-1,2,2,0,0,2,-1,2,1,-1,0,-1,2,-1,0,0,1,-2,0,1,2,1,-2,-2,2,0,2,2,2,0,0,-1,-1,-1,-1,2,0,1,0,1,2,2,"Marijuana",6,64
"81",32,-1,1,1,1,1,0,2,2,-1,-1,1,1,0,-2,0,1,2,-1,-1,1,1,0,0,-1,1,-2,2,2,-2,0,-2,2,0,-2,1,-1,-1,-1,-2,-2,0,0,1,1,2,2,-2,0,-2,-1,1,1,"Alcohol",6,34
"82",18,2,-2,0,0,0,2,1,1,-2,-2,-2,-2,-2,-2,0,0,0,0,1,1,-2,0,0,1,0,0,0,1,2,0,1,0,0,1,0,0,0,0,0,0,0,1,0,0,-2,-2,2,2,0,0,0,1,"Caffeine",7,7
"83",23,2,2,2,2,2,1,-1,0,2,2,2,1,2,2,2,2,1,2,-2,-2,2,1,-2,2,2,1,-2,0,1,1,2,-1,0,-2,1,2,0,2,2,1,2,2,2,-2,0,-1,2,2,1,2,2,-1,"LSD",6,74
"84",23,1,-1,1,2,2,-1,1,1,1,0,0,1,2,2,1,2,1,2,-1,-1,1,0,-1,1,2,0,-1,-1,0,1,2,-1,-1,-2,1,2,-1,0,1,0,1,0,2,-1,0,-1,1,2,-1,2,2,-1,"Psilocybin",4,39
"85",18,2,-2,2,2,2,2,2,2,-2,1,0,0,0,-2,0,2,1,0,2,2,0,2,0,2,0,0,0,1,0,0,0,0,0,-1,0,0,1,0,0,0,1,0,-2,0,2,-2,0,2,0,0,1,-1,"D-Amphetamine",2,12
"86",21,2,-1,2,2,2,0,1,1,2,2,1,2,1,2,1,1,1,0,0,-2,1,0,0,1,1,1,-2,-2,1,0,2,0,0,-1,1,2,2,2,2,1,2,2,1,-1,2,-2,0,2,1,2,2,2,"4-AcO-DMT",3,3
"87",32,2,1,0,2,2,2,2,2,2,2,0,2,2,2,0,2,0,2,0,-2,1,2,-2,2,2,2,-2,-2,2,-1,2,-2,-2,-2,2,2,2,2,2,2,2,2,1,-2,1,-2,2,2,2,2,2,-2,"LSD",5,74
"88",32,1,1,0,0,0,1,0,-1,1,2,-1,0,2,2,1,1,1,0,-2,1,-1,-2,-2,2,-2,-1,-2,-2,-2,-1,2,0,0,0,0,2,-1,1,2,1,2,2,1,-2,0,-1,0,2,0,1,2,-2,"LSD",1,74
"89",31,1,-2,1,2,2,1,2,-1,1,1,-1,-1,0,0,1,2,-2,-1,-1,0,0,1,-2,1,2,2,-1,-2,2,-1,2,1,0,-2,-2,0,0,2,2,0,2,2,1,-2,1,2,2,1,0,0,1,-2,"MDMA",3,45
"90",22,2,1,1,2,2,2,1,0,2,2,0,1,2,2,2,2,1,2,-1,-1,-1,0,-2,1,1,2,0,0,1,1,2,-2,0,0,1,0,1,2,2,2,2,2,-2,-1,0,0,2,2,0,1,2,0,"LSD",5,74
"91",35,1,-2,1,1,-1,0,1,0,0,0,-1,0,0,0,0,-1,-1,-1,-2,-1,-1,-2,0,-1,0,-2,1,1,-2,-1,0,-1,0,-2,-1,-1,1,-2,-2,-2,-2,-2,2,-1,1,1,-2,0,-2,0,1,1,"Alcohol",7,34
"92",35,0,2,-1,-1,-1,-1,-2,-1,1,1,2,1,0,-1,0,-1,1,1,-2,2,1,-1,0,0,-1,-1,0,1,-1,-1,-1,0,0,-1,2,0,-2,-1,0,0,-1,0,1,-2,0,-2,-1,0,0,1,-1,1,"Marijuana",5,64
"93",35,1,1,-2,0,0,1,0,0,-1,-2,-2,0,0,0,0,0,0,0,0,0,0,0,0,-1,0,0,0,0,0,0,0,0,0,0,0,0,0,0,0,0,0,0,0,0,-2,1,0,0,0,0,0,0,"Caffeine",7,7
"94",35,2,2,-2,-1,-1,2,1,-1,-1,1,2,-1,1,-1,-1,-1,1,1,-1,2,0,2,0,1,0,-1,2,2,-1,-1,-2,0,1,-1,1,1,-2,-2,-2,-1,0,-1,0,-2,0,-2,1,1,0,-1,1,-2,"D-Amphetamine",3,12
"95",34,0,0,0,0,0,0,0,0,0,0,0,0,0,0,0,0,0,0,0,0,0,0,0,0,0,0,0,0,0,0,0,0,0,0,0,0,0,0,0,0,0,0,0,0,0,0,0,0,0,0,0,0,"Aspirine",6,4
"96",19,2,1,2,2,2,2,-1,0,1,1,0,2,2,1,2,2,1,2,2,-1,1,1,-2,1,2,1,1,0,1,2,2,0,0,-2,2,2,1,2,2,2,2,2,-2,1,2,2,2,2,2,2,2,2,"25I-NBOMe",3,1
"97",35,2,2,-1,1,1,1,-1,-1,2,2,1,1,1,2,1,1,0,2,-1,1,1,1,-2,1,1,0,-1,0,-1,-1,0,0,1,-2,1,2,-1,1,1,0,1,0,0,-1,0,-1,1,2,0,1,2,0,"LSD",3,74
"98",35,2,-2,1,2,2,2,2,2,1,1,-2,0,2,2,2,2,-1,0,1,-1,-1,0,-1,1,2,2,-1,0,2,0,2,0,0,1,1,2,2,2,2,2,2,2,0,0,0,0,1,2,0,1,2,2,"MDMA",3,45
"99",35,2,2,-2,-1,0,2,1,-1,-1,1,1,-1,-1,-1,-1,0,1,-1,0,1,0,2,0,0,-1,-1,2,1,-1,-1,-1,0,0,0,1,0,-1,-1,-1,-1,-1,-1,0,-1,0,0,0,0,0,-1,0,-1,"Cocaine",3,10
"100",35,-1,-1,1,0,0,-1,0,0,0,0,-1,0,0,0,0,0,0,0,0,0,-1,0,0,0,-2,0,-1,0,0,-1,1,0,0,1,-1,0,1,0,0,0,0,1,-1,0,0,0,0,0,0,0,0,0,"Prozac",7,2
"101",25,1,-2,2,2,1,-1,2,2,-2,-2,-2,1,-2,-2,-2,-2,-2,-2,-1,-2,-2,-2,-2,1,2,-2,-2,-2,-2,-1,2,-2,-2,-2,-2,-2,1,-2,-2,-2,-2,-2,2,-2,1,0,-2,-2,-2,-2,1,1,"Alcohol",7,34
"102",32,2,-1,0,2,2,2,2,1,1,2,0,0,1,1,0,2,0,1,-1,-1,1,2,-1,0,2,1,-1,0,1,0,1,-2,-1,-2,0,1,0,1,0,0,1,1,1,-1,1,1,0,1,-2,0,2,-2,"MDMA",3,45
"103",22,-1,-2,2,0,1,-2,2,0,-1,1,-1,1,2,2,0,2,-2,1,-1,-2,-2,-2,-2,2,-2,-2,-2,-2,-2,-2,2,0,-1,2,2,0,1,-1,-1,-1,2,2,1,-1,-2,-1,1,1,-2,-1,2,0,"Marijuana",4,64
"104",18,2,-2,0,2,2,2,2,0,-1,2,-1,1,1,0,1,2,0,1,0,-1,-2,2,-1,1,2,-1,-1,1,-1,2,2,-2,-2,-2,1,0,0,1,2,-2,2,2,1,-2,0,-1,-1,2,0,0,2,0,"MDMA",3,45
"105",23,2,-2,-1,2,2,-1,-2,2,1,2,1,-1,2,2,2,2,-1,0,-2,-2,1,-1,-2,-2,0,1,2,-2,1,-2,2,-2,-2,-2,2,2,-1,1,1,2,2,2,2,-2,-2,-2,0,2,-2,2,2,-2,"DMT",4,17
"106",23,1,-1,2,2,2,1,-1,-1,0,0,0,1,1,0,2,2,-2,1,-1,0,0,0,0,-1,1,1,1,-2,1,1,2,-2,-2,-2,1,-2,1,1,1,-2,-1,-2,-2,-1,-2,-2,1,-2,-2,1,2,2,"Marijuana",6,64
"107",28,0,0,-2,-2,-2,-2,2,2,-2,-2,-2,-2,-2,-2,-2,-2,1,-2,-2,0,-2,-2,0,-2,-2,-2,2,1,-2,-2,0,-2,-2,-2,-2,-2,-2,-2,-2,-2,-2,-2,2,-2,2,0,-2,-2,-2,-2,-2,-2,"Alcohol",6,34
"108",28,2,-2,2,0,0,0,0,0,0,0,-2,2,2,-2,1,2,-2,0,-2,-2,-2,-2,-2,-1,-2,2,0,-2,2,0,2,0,-2,2,1,1,2,2,1,1,0,2,1,2,-2,-2,2,2,0,0,2,2,"Marijuana",6,64
"109",18,2,-1,2,2,2,2,2,1,0,0,-1,-1,0,-2,2,2,-1,1,1,-1,-2,1,-2,0,2,-1,-2,0,0,2,1,-2,-1,-1,-1,1,1,2,2,-1,2,2,-1,-1,1,0,0,2,0,0,2,0,"MDMA",3,45
"110",18,-1,-2,1,-1,-1,-1,1,0,0,0,0,1,-1,-2,-2,-1,0,-2,0,0,0,0,0,0,1,0,1,2,-1,1,1,1,1,0,-2,-1,1,-2,-2,-2,-1,-2,2,0,2,1,-2,-1,0,-1,1,1,"Alcohol",4,34
"111",18,1,-2,2,2,2,-1,1,0,0,1,0,2,2,1,1,2,-1,1,1,0,0,0,0,0,2,1,0,-2,1,2,2,0,0,0,-1,1,2,1,0,0,1,1,0,0,-2,1,2,1,-1,2,2,2,"Marijuana",6,64
"112",43,1,-2,2,2,2,2,2,2,-2,0,-2,0,0,0,0,0,0,2,2,-2,-2,-2,-2,-1,0,2,-2,0,2,0,2,-2,-2,-2,-2,-2,0,0,0,-2,0,2,-2,1,0,1,2,0,0,2,2,-2,"Morphine",7,5
"113",29,2,0,0,0,0,0,-2,0,1,2,0,-2,2,2,2,2,-2,2,0,-2,-2,-2,-2,2,2,2,-2,0,2,-2,2,-2,0,1,2,2,2,2,2,2,2,2,2,-2,2,-2,2,2,0,2,2,-2,"LSD",3,74
"114",23,0,-2,2,2,2,1,1,2,-2,2,-2,-2,2,-2,0,2,-2,-2,2,-2,-2,-2,-2,1,1,1,0,1,1,-2,2,2,0,0,0,-1,2,2,-2,-2,2,2,-2,-2,1,2,1,0,-2,1,1,1,"Heroine",6,20
"115",32,1,-2,0,-2,-2,1,-2,-2,0,2,2,-2,-1,-2,-2,2,2,1,1,2,2,0,2,1,-2,-2,1,2,-2,-2,-1,-2,2,-2,1,-2,0,1,0,-2,-2,-2,2,-2,0,-2,0,-1,2,-2,-1,-2,"DXM",6,9
"116",32,2,1,0,2,2,2,2,2,2,2,0,2,2,2,-1,2,0,2,2,-2,-1,1,-2,1,0,2,-2,-2,2,-2,2,-2,-2,-2,2,2,2,2,2,2,2,2,0,-2,-2,-2,2,2,0,2,2,-2,"Mescaline",2,7
"117",22,1,-2,2,1,1,1,0,0,0,-1,-1,1,1,0,1,0,-1,2,1,-2,-1,0,0,0,0,0,-1,-2,0,1,2,0,-2,-1,1,1,1,2,1,0,0,0,-1,0,-2,-1,1,1,0,0,2,1,"Marijuana",7,64
"118",32,2,2,-2,2,0,1,-2,-1,2,2,2,2,2,2,1,2,-1,2,-1,1,1,2,-2,0,2,0,0,-2,0,0,1,-2,2,-2,2,1,-1,2,2,2,1,1,2,-2,1,-2,2,2,-2,2,2,-2,"Psilocybin",6,39
"119",32,2,-2,2,2,2,2,2,2,0,1,-2,2,2,-1,-1,2,-2,2,2,-1,0,1,-2,-2,2,2,-2,-2,2,2,2,-2,-2,-2,-1,-1,2,2,2,-1,2,2,0,-2,-1,-2,2,-1,-2,2,2,-2,"MDMA",4,45
"120",16,-1,0,1,0,2,-1,0,0,-1,-1,-1,1,0,0,0,2,1,1,0,-1,0,0,0,-1,1,0,0,-1,0,1,1,0,-2,-1,1,0,1,0,-1,-1,0,-1,0,1,-1,0,0,1,-1,1,1,2,"Marijuana",5,64
"121",32,2,2,2,2,1,-2,-1,-1,0,-2,-2,2,2,1,-2,2,0,2,2,0,0,-2,-2,-1,-1,1,-2,-2,1,2,2,-2,-2,-2,1,0,1,2,0,0,0,2,-2,0,-2,-2,2,1,-2,2,2,2,"Marijuana",7,64
"122",32,2,2,-2,-2,0,2,2,0,-2,2,-1,-1,0,-2,-2,2,-2,1,-2,2,1,2,1,-2,-2,1,2,2,1,-2,-2,2,1,0,-1,-2,-2,-2,-2,-2,-2,-2,0,-1,2,2,-2,-2,-2,0,1,-2,"Cocaine",5,10
"123",16,2,0,0,0,0,1,1,0,-2,-1,-1,-1,0,-2,-1,0,0,0,1,0,-1,1,1,0,0,1,0,-2,1,-1,1,0,0,1,1,-1,0,0,-1,-1,-1,-1,-1,1,-1,1,2,0,1,0,0,0,"Caffeine",7,7
"124",32,2,-2,0,0,0,2,2,0,-2,-1,-2,0,2,0,-2,-1,-1,2,2,-1,-2,1,-2,-2,-2,2,-2,-2,2,-2,2,-2,-2,-2,-2,-2,2,2,-1,0,2,2,-2,-2,-1,0,2,0,-2,2,2,-2,"D-Amphetamine",7,12
"125",32,-2,-2,0,-2,-2,-2,2,-2,-2,-2,-2,-2,-2,-2,-2,0,-2,-1,-2,-1,2,-2,2,0,-2,-2,2,2,-2,-2,-2,2,2,-2,2,-2,-2,-2,-2,-2,-2,-2,2,-2,2,2,-2,-2,0,-2,-2,-2,"Clonazepam",7,4
"126",24,1,0,1,1,1,1,2,1,2,1,1,1,1,1,0,2,1,1,-1,-1,1,0,-2,0,0,-1,0,0,-1,-2,0,0,0,0,1,0,-1,0,0,1,1,1,0,-1,0,-1,-2,-2,0,0,2,-2,"DXM",5,9
"127",32,1,0,-1,2,2,1,2,1,-1,2,-1,-1,1,1,2,2,0,1,0,-2,-1,1,-2,0,2,1,-2,0,1,1,2,-1,0,-2,0,1,0,2,2,2,2,2,-1,-1,-1,0,1,1,1,1,2,-1,"MDMA",4,45
"128",33,-1,1,1,1,1,-1,-1,-1,2,2,1,0,2,2,1,2,2,2,0,-1,2,-1,-2,2,2,1,1,-2,2,1,2,-1,0,1,1,0,-1,2,1,1,2,0,1,-2,2,-2,1,-1,-2,-1,1,1,"Psilocybin",4,39
"129",18,-1,1,2,2,2,-1,-2,-2,2,2,2,2,2,2,0,1,1,2,-1,1,1,1,2,-1,2,2,2,-2,1,1,2,-2,-2,2,-2,1,-1,2,2,2,2,2,-2,-2,1,-2,1,1,-2,1,2,-2,"Psilocybin",4,39
"130",52,1,-2,2,1,2,1,1,0,-2,1,-2,0,1,-1,2,0,-2,1,1,-2,-1,-1,-1,0,2,1,0,1,1,1,1,-1,0,-2,-1,-1,2,0,0,1,2,2,0,-1,1,1,1,1,-1,1,1,1,"Heroine",7,20
"131",17,2,-1,1,0,0,2,1,0,0,1,-1,1,1,0,0,1,0,0,1,0,0,2,0,1,0,1,1,0,1,1,1,1,-1,1,-2,0,1,1,1,0,1,0,-1,0,2,1,2,0,0,0,1,0,"D-Amphetamine",4,12
"132",19,0,-1,2,2,2,1,1,1,2,2,1,2,2,2,2,2,0,2,1,-1,1,0,0,1,2,2,1,-2,2,0,2,-1,-1,0,1,2,2,2,2,2,2,2,0,0,0,0,2,1,-1,2,2,-2,"Psilocybin",2,39
"133",19,2,-1,-1,2,2,2,2,2,1,0,-2,1,1,0,0,2,-2,1,1,-1,-2,2,0,-1,2,2,0,-1,2,2,2,0,-2,-1,-2,1,1,1,1,1,2,1,-1,0,0,-1,1,1,1,1,2,0,"MDMA",1,45
"134",19,-2,1,1,0,1,-1,-2,1,2,2,2,0,2,2,1,2,1,2,-1,1,1,-1,-1,1,0,-1,-1,1,0,0,1,1,1,-2,2,0,-1,1,1,1,2,0,2,-2,2,2,-2,-1,-1,1,2,-2,"DXM",3,9
"135",19,1,0,1,2,2,2,1,2,2,2,1,2,2,2,2,2,-1,2,2,-1,1,1,0,2,1,2,0,-2,2,1,2,0,-1,0,2,2,2,2,2,2,2,2,0,-1,-1,-1,2,2,2,2,2,1,"AL-LAD",3,2
"136",22,0,1,2,2,2,0,-1,0,0,1,1,0,2,1,2,2,2,2,2,0,0,0,-1,0,2,2,1,-2,2,-1,2,-2,1,1,-2,1,1,2,2,2,2,2,-2,1,-1,1,1,2,1,2,-2,-1,"Psilocybin",5,39
"137",24,1,1,1,1,2,1,-2,2,2,2,1,-1,2,2,2,0,-2,2,0,-2,1,-1,-2,2,2,0,1,-2,1,-2,2,2,0,0,1,1,-2,2,2,2,2,2,-2,-2,-2,-2,1,1,-1,0,1,-1,"LSD",2,74
"138",17,2,-1,1,2,2,2,2,0,0,2,0,1,1,1,0,2,0,0,-1,-2,-2,2,0,1,2,1,-1,0,1,1,1,-1,-1,-1,-1,1,0,1,1,0,1,0,1,-2,1,1,-1,0,0,0,2,0,"MDMA",3,45
"139",18,1,-2,1,0,0,1,2,1,0,-1,1,1,-1,-2,0,1,-1,-2,-2,2,2,0,1,0,2,0,2,2,0,0,-1,1,-1,-2,0,0,0,0,0,0,0,0,2,0,2,2,-2,-2,0,0,0,2,"Alcohol",5,34
"140",23,1,-1,2,2,2,-1,0,0,0,0,-1,1,0,0,2,2,-1,1,0,-1,-1,-1,-1,0,0,-1,0,-2,0,0,1,0,-1,-1,2,2,2,2,0,1,1,1,-1,0,-2,0,1,0,-2,1,2,2,"Marijuana",5,64
"141",21,1,-2,2,1,1,1,1,1,1,-2,-2,-2,1,0,0,0,0,0,1,1,-1,0,0,-1,0,0,0,0,-2,0,1,1,1,-1,0,1,1,1,1,1,0,0,1,1,1,1,1,2,-1,1,2,2,"Marijuana",7,64
"142",19,2,1,0,1,1,2,-1,0,1,1,1,2,2,1,2,2,1,2,1,-2,0,-2,-2,0,2,2,1,0,2,-2,2,-2,-2,-2,-2,2,1,2,0,2,2,1,0,-2,-2,-2,2,1,1,2,1,-2,"LSD",4,74
"143",25,1,0,0,1,2,1,1,-1,0,1,-1,2,2,2,2,1,-1,1,1,-2,-2,-2,-1,1,2,2,0,-2,2,0,2,0,-1,1,-1,1,1,2,2,2,2,2,0,-1,-1,-2,1,1,-2,2,1,-2,"Psilocybin",4,39
"144",20,1,-1,1,2,2,2,2,2,2,2,-2,1,2,2,2,1,-1,2,1,-1,1,0,-2,1,1,2,-1,-2,2,1,2,-2,1,-2,1,2,1,2,2,2,2,2,2,-1,1,-1,1,1,-2,2,2,-1,"LSD",3,74
"145",19,1,1,1,2,2,1,2,2,1,-1,-2,2,2,-1,1,2,-1,2,2,-2,-1,-2,1,-1,1,1,-1,-2,1,1,2,1,-2,0,1,0,2,2,1,1,2,1,1,2,-2,0,1,2,0,2,2,2,"Marijuana",7,64
"146",23,-2,1,0,1,0,-2,-1,-2,2,2,1,1,2,2,2,0,1,1,-1,0,1,0,0,-1,-1,1,-1,-1,1,-2,2,-2,1,-2,2,2,0,1,1,1,1,0,1,-2,1,1,1,-2,0,2,1,0,"DMT",2,17
"147",18,1,-2,1,0,1,0,2,2,0,1,1,1,0,-2,-2,1,1,0,-2,1,1,0,0,-1,1,0,1,2,-2,1,0,0,2,0,0,0,1,0,-1,-1,0,0,2,-1,1,0,-1,1,0,0,1,0,"Alcohol",4,34
"148",19,1,0,-1,1,0,2,0,0,1,2,1,1,2,1,0,1,0,1,-1,1,1,0,-2,1,0,-1,0,-2,0,-2,1,1,0,0,2,1,0,1,1,0,1,0,1,-1,0,0,1,2,0,-2,2,0,"LSD",1,74
"149",19,0,0,1,2,2,1,-2,2,2,2,-1,0,2,2,2,-1,1,2,2,-2,-1,2,-2,-2,2,2,0,-2,2,-1,2,-2,-1,1,-1,2,2,2,2,2,2,2,1,-2,-2,-2,1,2,-1,2,-2,-2,"DMT",3,17
"150",19,2,1,0,1,1,2,1,0,2,1,1,2,2,1,1,1,1,1,0,0,1,1,0,0,2,1,0,-2,0,0,2,0,0,0,1,1,0,2,1,1,2,1,1,0,0,1,1,1,0,2,2,0,"LSD",3,74
"151",19,2,-2,2,2,2,2,2,2,-2,2,-2,2,2,-1,-1,2,-1,2,2,-2,0,-2,-2,1,1,2,-1,-2,2,-2,1,-2,-2,-2,2,1,1,-1,0,0,1,-1,-1,0,-2,0,1,0,-2,2,2,2,"Marijuana",7,64
"152",23,0,2,-2,2,2,2,-1,1,2,2,1,2,2,-1,-2,-2,-2,0,0,-1,-1,1,0,1,2,2,2,-2,2,2,2,-1,-1,0,1,1,2,2,1,1,0,1,-1,-2,-2,-2,1,0,1,2,2,2,"Piracetam",3,5
"153",26,-2,0,0,0,1,-1,0,0,-1,1,0,0,2,1,2,2,1,0,-1,0,1,0,-1,1,2,2,0,1,2,-2,1,-2,0,0,2,1,2,2,2,1,1,1,1,-2,0,-1,-1,1,0,1,2,-1,"DXM",4,9
"154",19,1,1,1,2,2,2,2,1,2,2,1,1,2,2,2,1,-1,2,-1,-1,0,0,0,2,2,2,1,-2,2,1,2,0,0,1,0,1,2,2,2,2,2,2,1,0,-2,1,1,2,0,2,2,2,"LSD",3,74
"155",16,1,0,2,2,2,1,1,0,2,1,-2,2,2,2,2,2,1,2,-2,-2,2,1,-2,2,2,1,-1,-1,1,0,2,-2,-2,-2,1,2,1,2,2,2,2,1,0,-2,-1,-2,1,2,-2,1,2,1,"LSD",2,74
"156",18,1,1,2,2,2,0,0,0,2,2,1,1,2,2,0,1,0,1,-1,0,1,0,0,2,-1,0,0,-1,0,-1,1,-2,1,-1,2,2,1,1,1,1,2,1,2,-2,1,2,-1,2,0,0,1,-1,"LSD",2,74
"157",22,-1,-2,-1,-2,-2,0,1,-2,1,0,2,-1,-2,-2,-2,-2,2,-2,-2,1,2,0,0,0,2,-2,2,2,-2,-2,-2,-2,2,-2,-2,-2,1,-2,-2,-2,-2,-2,2,0,2,0,-2,-1,-2,-2,-1,-2,"Alcohol",5,34
"158",32,2,1,-1,2,2,2,1,0,2,2,2,2,2,2,2,2,1,2,-1,1,2,-1,-2,2,2,2,-2,1,2,0,2,0,1,-2,2,2,-1,2,2,2,2,1,2,-2,-2,-2,2,2,0,2,2,1,"LSD",3,74
"159",18,2,2,-2,1,2,1,-1,-1,2,2,2,2,2,2,1,1,2,2,-1,-2,2,2,2,2,-1,-1,-2,-2,-1,-2,2,-1,0,1,2,2,2,2,2,2,2,1,0,0,2,-2,1,2,-2,1,1,-1,"LSD",3,74
"160",18,0,0,1,1,1,0,0,1,2,1,-1,1,2,2,0,1,-2,1,-1,-2,0,2,-1,-1,0,1,0,-1,0,0,2,-1,0,1,-1,2,1,0,1,2,2,0,-1,-1,1,-1,0,2,0,2,2,0,"Psilocybin",1,39
"161",43,2,0,0,1,0,2,2,2,1,2,0,2,2,1,1,0,0,2,2,1,1,2,-1,2,-1,2,2,1,2,2,2,1,0,1,1,0,0,1,2,1,2,2,-1,-1,0,1,2,2,2,2,1,-1,"Methamphetamine",7,2
"162",18,1,-2,1,2,2,0,1,2,1,2,1,0,2,1,2,2,0,2,1,-2,0,-1,-1,0,2,2,1,-2,2,0,2,0,-1,1,-1,2,2,2,2,2,2,2,-1,-1,1,0,2,2,0,2,2,-1,"Psilocybin",3,39
"163",18,0,-1,2,-1,-1,0,1,0,0,0,0,1,1,-1,-1,-1,0,-1,-1,-1,-1,-2,-1,0,1,0,0,0,-1,-1,1,-2,-1,-2,-1,-2,-1,-2,-2,-2,-1,-2,1,0,0,-1,-2,-2,-2,-1,1,0,"Alcohol",5,34
"164",24,1,-2,2,2,2,1,2,2,-1,0,-2,0,1,1,1,2,-2,-1,0,-1,-2,-2,-2,0,2,-2,1,1,0,1,-2,2,1,-2,1,2,2,0,2,1,2,2,0,1,2,2,0,2,0,0,2,2,"Oxycodone",7,1
"165",23,0,1,-1,2,2,2,2,2,1,1,1,2,1,2,1,0,1,1,-2,0,1,1,0,1,0,0,-1,0,0,1,2,-2,-2,-2,2,2,0,1,1,1,1,2,2,-2,1,-2,1,1,0,1,2,0,"2C-B",2,8
"166",44,0,-1,2,0,1,0,1,1,1,-1,-2,0,0,0,-1,-2,-2,0,1,-2,-2,-2,2,0,0,-1,2,2,-1,-2,-1,2,0,-2,1,0,2,-1,-1,-1,2,0,1,-1,2,2,1,1,0,1,0,-2,"Heroine",6,20
"167",20,1,1,0,-1,1,1,0,-1,2,2,2,-1,1,1,1,2,2,2,-1,-1,2,1,-1,2,2,2,2,-1,1,0,2,-2,-1,0,-1,1,-1,1,2,1,2,2,-1,-2,1,-2,1,0,-1,0,1,-2,"LSD",2,74
"168",59,1,1,0,2,2,2,1,0,2,2,2,2,2,0,2,2,0,2,1,0,1,0,-2,0,2,2,0,-1,2,1,2,-1,0,-1,2,1,-1,2,2,2,2,2,-1,-2,-2,-1,2,2,0,2,2,0,"Psilocybin",3,39
"169",29,1,-1,-1,1,2,0,-1,0,1,2,1,2,2,1,2,2,-2,2,-1,-1,2,-2,-1,2,1,2,1,0,2,1,2,0,0,1,1,1,1,2,2,1,1,1,1,1,0,0,1,1,0,2,2,2,"LSD",2,74
"170",20,1,-2,2,2,2,1,1,2,2,1,-2,2,2,1,2,2,-2,2,1,-2,0,-1,-2,0,2,2,-1,-1,1,-1,2,0,-1,-1,2,2,2,2,2,2,2,2,-1,1,0,-2,2,2,-1,2,2,0,"Psilocybin",4,39
"171",20,2,1,-1,2,2,2,2,1,2,2,1,2,2,2,2,2,0,2,0,0,1,2,0,2,2,2,0,0,2,1,2,0,1,0,2,2,1,2,2,2,2,2,0,2,1,0,2,2,1,2,2,0,"LSD",4,74
"172",18,2,0,2,2,1,2,2,2,0,2,-2,2,2,2,2,2,-2,2,2,-2,-2,-2,-2,1,2,2,-2,-2,2,0,2,-2,-2,-2,2,2,2,2,2,2,2,2,-2,-2,-2,2,2,2,2,2,2,2,"Marijuana",7,64
"173",16,2,-1,0,2,2,1,2,2,2,2,-1,1,2,2,2,1,-1,2,2,-1,0,-2,-1,2,2,2,2,-2,2,0,2,-2,-1,-2,-2,2,-1,2,2,2,2,2,-2,-1,1,-2,2,1,-2,2,2,0,"LSD",1,74
"174",15,2,-2,2,2,2,2,2,1,-2,2,-2,2,2,-2,-2,2,-2,2,0,-2,-2,2,0,0,1,1,-1,0,1,2,2,-2,-2,-2,-2,0,0,1,-2,-2,2,-2,-2,-2,-2,-1,-2,1,-2,1,2,2,"MDMA",2,45
"175",34,1,1,-1,1,1,1,1,1,1,1,0,1,2,1,2,1,0,2,-1,-2,1,1,-2,2,2,1,0,-1,1,1,2,1,0,-2,1,2,0,2,2,1,2,1,1,-1,0,0,1,1,0,1,1,0,"LSD",4,74
"176",34,1,1,1,1,2,0,1,1,2,2,1,1,2,2,2,1,0,2,0,0,1,1,-1,0,1,1,0,-1,1,1,2,1,0,-1,1,2,1,1,2,2,2,1,1,-1,0,0,1,1,0,1,2,1,"Psilocybin",3,39
"177",18,1,-1,1,2,2,-1,-2,0,1,1,1,1,2,2,1,2,-1,2,-1,-2,1,0,-2,2,2,1,0,-2,0,0,2,-1,0,1,1,2,1,2,2,1,1,1,1,-2,1,-2,1,1,0,2,2,1,"LSD",4,74
"178",15,2,1,-1,1,2,2,1,0,0,2,0,0,0,1,1,2,1,0,-1,1,-2,2,-2,1,1,0,-2,1,0,0,2,-1,1,-2,-1,1,-1,2,2,1,2,2,-2,-2,2,1,0,-2,0,-1,2,-2,"MDMA",4,45
"179",21,1,0,0,1,1,1,1,0,0,1,-1,1,2,2,0,1,0,2,0,-1,-1,0,1,1,1,1,-1,-2,1,1,2,-1,-1,-1,2,2,0,1,1,0,1,1,-1,0,0,0,1,1,0,1,2,1,"AL-LAD",3,2
"180",27,2,-1,1,0,1,-1,-1,2,0,0,0,0,2,1,1,2,0,2,1,-2,1,-1,-2,1,1,2,-2,0,2,0,2,0,0,0,0,0,2,2,2,1,1,1,0,-1,2,2,2,0,0,2,2,2,"Marijuana",7,64
"181",24,-1,-2,0,0,1,-2,-2,1,2,1,-1,2,2,2,1,1,-1,1,-1,-2,1,-2,-2,-1,0,1,0,1,1,-2,1,0,0,-2,2,2,1,1,1,1,1,2,0,-2,2,2,1,1,1,1,0,-1,"Ketamine",5,8
"182",19,-2,-2,2,1,1,-1,1,1,0,1,0,0,1,0,0,1,0,-1,-1,-1,1,-1,0,0,0,-1,0,0,0,-1,2,1,0,-2,2,-2,2,0,0,0,2,-1,2,1,1,2,-1,0,0,-1,1,1,"Alprazolam",6,3
"183",22,-1,-2,2,-1,-1,-2,-1,-2,2,0,1,0,-1,1,-2,-2,-1,-2,-2,-1,2,-2,2,0,-2,-2,1,2,-2,-2,-2,0,-1,-2,1,0,1,-2,-2,-2,-2,-2,2,-1,2,-2,-2,0,0,-2,0,-1,"Clonazepam",3,4
"184",20,2,2,-2,0,0,0,-1,-2,2,2,2,-2,1,2,2,2,2,0,-2,2,2,2,-2,2,2,1,2,2,1,-2,2,2,2,-2,-2,0,-2,0,1,-1,0,2,2,-2,2,-2,0,-2,-2,-2,-2,-2,"DOC",1,1
"185",25,1,-1,2,1,1,0,-2,0,0,0,-1,2,2,0,1,1,-1,1,-1,0,1,-1,0,-1,1,0,0,-2,0,0,2,0,-1,-1,1,0,2,0,0,0,0,1,0,0,-2,1,0,1,0,2,2,2,"Marijuana",7,64
"186",19,0,1,1,1,1,-1,-1,0,1,2,0,1,1,1,2,1,0,1,0,0,1,1,0,2,0,-1,0,-2,0,0,1,0,1,1,2,2,1,1,1,0,0,0,1,-2,1,0,1,0,0,-1,2,0,"LSD",2,74
"187",30,2,-2,0,2,2,2,2,2,-2,-2,-2,-2,-2,-2,-2,0,-2,1,2,-2,-2,-2,-2,0,-2,2,2,0,1,0,2,0,-1,-1,-2,-2,2,2,2,-2,2,2,0,-1,-1,2,2,2,-1,2,1,1,"Hydrocodone",3,2
"188",25,-1,-2,1,2,2,0,1,1,-2,-2,-2,-2,1,0,2,2,-2,1,1,-1,-2,-2,-2,0,1,2,1,-1,1,0,1,0,0,0,1,1,1,2,2,2,1,0,-1,1,1,2,0,-1,-1,1,1,0,"Heroine",6,20
"189",21,-2,-2,2,1,2,-2,-1,0,0,1,-2,0,0,0,0,1,0,2,-1,0,0,0,0,2,0,-2,2,0,-1,-2,2,0,0,-2,2,0,2,1,2,0,2,2,-2,-2,2,2,0,0,0,0,2,1,"Heroine",6,20
"190",21,2,-2,2,2,2,2,2,2,-2,0,-2,-2,0,-2,-2,2,-2,1,2,-2,-2,-2,-2,-2,-2,1,-1,2,1,1,2,-2,-2,0,-2,-2,2,0,0,-2,2,2,-2,-2,2,2,1,0,-1,1,-1,2,"Heroine",6,20
"191",19,1,0,0,2,2,2,1,0,1,2,0,1,2,2,2,2,1,2,1,-1,1,1,0,2,2,2,-2,-2,2,2,2,-2,-2,-2,1,2,0,2,2,2,2,2,1,-2,1,-2,2,2,-2,2,2,2,"LSD",3,74
"192",19,-1,-1,2,0,0,-2,-2,-1,-1,2,1,0,0,-2,-2,2,0,-2,-1,0,0,-2,-2,1,0,-1,1,2,0,-2,2,2,2,-2,0,-1,2,0,0,0,2,1,1,-1,2,2,0,1,0,0,0,1,"Heroine",3,20
"193",23,1,1,-1,0,0,1,0,0,0,0,0,0,0,0,0,0,0,1,1,0,0,0,0,0,0,1,0,-1,0,0,1,0,0,1,0,0,0,0,0,0,0,0,0,0,0,0,1,0,0,0,0,0,"Phenylpiracetam",4,2
"194",47,0,-1,1,1,1,-1,-1,0,0,0,-1,-1,1,2,2,-1,0,2,0,-1,-1,-1,0,1,1,2,0,0,1,-1,2,-1,0,-1,1,1,2,2,2,2,2,2,0,1,2,-1,1,-1,-1,1,2,-1,"DXM",6,9
"195",21,1,-1,1,1,1,1,1,1,0,0,0,0,1,0,0,0,0,0,1,-1,-1,0,0,-1,1,1,0,-2,1,0,2,-1,-1,0,-1,0,1,0,0,0,0,0,-1,1,-1,0,0,0,0,0,0,0,"Tianeptine",1,4
"196",30,1,-2,2,2,2,1,2,1,-2,-1,0,-1,1,-2,-2,1,0,1,1,1,-1,-1,0,1,1,-1,2,1,0,1,1,1,0,-1,0,-1,2,1,-1,-2,0,1,0,0,1,2,1,0,0,2,1,2,"Heroine",7,20
"197",27,2,-1,1,2,2,2,0,2,2,2,0,0,2,2,2,2,-2,2,2,-2,-1,1,-2,-2,2,2,0,-2,2,1,2,-2,-2,-2,0,2,1,2,2,2,2,2,1,-2,-2,2,2,2,-2,2,2,-1,"DMT",3,17
"198",23,1,-1,-1,1,1,1,0,0,2,1,1,1,2,2,2,2,1,2,1,0,1,1,-2,1,1,0,1,-1,0,-2,2,0,-1,-2,1,2,1,2,2,1,2,2,0,-2,-1,-1,2,2,-1,1,2,-2,"LSD",3,74
"199",24,1,1,-1,0,0,0,1,0,0,0,0,0,0,0,0,1,0,0,0,1,0,0,0,0,0,0,0,-1,0,0,0,0,0,1,0,0,0,0,-1,0,0,0,-1,2,0,0,0,0,0,0,0,0,"L-Tyrosine",6,3
"200",25,1,1,-1,0,0,1,1,0,0,-1,0,0,0,0,0,1,0,1,0,1,-1,0,0,0,0,0,0,-1,0,0,0,0,0,0,0,0,0,0,0,0,0,0,-1,2,0,0,0,0,0,0,0,0,"Rhodiola Rosea",5,2
"201",24,2,0,-1,0,0,1,-1,-1,0,1,0,0,1,0,0,0,1,0,1,1,-1,1,0,0,0,0,0,0,0,0,0,0,0,1,0,0,0,0,0,0,0,0,-1,1,0,0,1,0,0,0,1,0,"Phenylpiracetam",4,2
"202",24,0,0,1,0,0,0,0,0,0,0,0,0,0,0,0,0,1,0,0,0,0,0,0,0,0,0,0,0,0,0,0,0,0,0,0,0,0,0,0,0,0,0,0,0,0,0,0,0,0,0,0,0,"Aspirine",5,4
"203",24,1,2,-2,-1,-2,0,-2,-1,2,2,2,-1,2,1,1,1,2,1,-2,1,2,2,-2,-2,2,0,-2,1,0,0,-1,0,2,-2,2,1,-2,1,2,2,2,2,2,-2,2,-2,-1,-1,-2,0,1,-2,"Salvia",4,10
"204",24,1,1,0,2,2,1,-2,2,2,2,1,0,2,2,2,1,0,2,1,0,0,2,-2,-2,1,1,-2,-1,1,-1,2,0,1,-1,0,2,1,2,2,2,2,2,1,-2,1,-1,1,2,2,2,2,-1,"DMT",4,17
"205",24,2,2,-2,0,1,1,1,1,-2,1,0,-2,1,0,0,2,1,-1,2,2,0,1,0,1,0,1,2,2,1,2,1,2,1,1,-1,0,0,1,0,0,0,0,-1,-1,2,2,1,0,0,-1,1,-2,"D-Amphetamine",4,12
"206",24,1,0,-1,1,0,1,-1,0,0,0,0,0,0,0,0,0,1,0,0,1,-1,0,0,1,0,1,1,-1,1,0,1,-1,1,1,-1,-1,-1,0,0,0,0,0,-1,1,1,1,1,-2,-1,0,-1,-2,"Modafinil",5,3
"207",20,-1,-2,2,2,2,2,2,0,0,2,0,2,2,1,2,2,-1,2,1,-1,0,0,-1,2,2,1,0,2,2,2,-2,2,2,0,2,2,0,2,2,2,2,2,2,-2,-2,2,2,0,2,2,2,1,"Heroine",6,20
"208",24,1,1,1,1,1,1,1,1,1,1,1,1,1,1,1,1,1,1,1,0,0,0,-1,1,1,1,-1,-1,1,1,1,-1,0,-1,1,2,0,2,1,1,2,2,1,-2,1,-2,1,2,1,1,2,-1,"2C-I",4,2
"209",22,2,1,1,2,1,0,0,2,2,2,2,2,2,1,1,2,2,2,1,1,2,1,-2,2,2,2,-2,-1,2,1,2,-1,1,0,0,0,-1,2,2,2,2,2,1,-2,-1,0,2,2,0,2,2,2,"Psilocybin",3,39
"210",20,0,2,-1,1,0,0,2,0,2,2,2,0,1,2,1,2,2,0,0,0,2,0,0,1,0,0,1,1,0,0,0,0,1,0,0,2,0,0,1,1,1,2,0,0,0,0,1,1,0,1,1,2,"Psilocybin",3,39
"211",20,0,1,0,0,1,0,-2,0,1,2,1,0,2,2,2,0,0,2,-1,0,1,1,1,-2,1,1,0,0,1,0,1,0,1,0,1,1,-1,1,2,2,1,1,2,0,0,-1,1,0,0,1,0,0,"Cocaine",2,10
"212",20,1,0,0,2,0,1,2,2,1,1,1,0,1,1,2,1,0,1,0,0,0,0,0,1,0,0,0,0,0,1,0,0,0,0,0,2,0,0,2,2,2,1,0,0,0,0,0,0,0,1,2,1,"LSD",1,74
"213",20,0,2,-1,0,0,0,-2,0,2,2,1,-2,0,2,2,-1,2,0,0,0,1,0,0,-2,0,0,2,0,0,0,0,0,0,0,2,1,0,0,0,1,0,0,0,-2,0,-2,0,0,0,1,-2,-2,"DMT",4,17
"214",21,2,1,2,1,2,1,1,1,0,0,-2,2,2,1,2,2,-2,2,1,-2,1,0,-1,1,1,1,-1,-2,1,1,2,-1,-2,-2,1,1,1,2,2,1,2,2,-2,-1,-2,1,1,1,-1,2,2,2,"Marijuana",7,64
"215",21,2,1,2,2,2,1,-2,-1,2,2,-1,1,2,2,2,2,-2,2,1,-2,1,1,-2,2,2,2,-2,-2,2,2,1,1,-2,-2,2,2,2,2,2,2,2,2,-1,-2,-1,1,2,2,-2,2,2,2,"LSD",2,74
"216",21,2,1,1,2,2,2,-1,0,2,2,0,1,2,2,2,2,1,2,-1,-2,1,1,-1,1,2,2,-2,-2,2,1,1,1,-2,-2,2,2,2,2,2,2,2,2,1,-2,-2,1,2,2,-1,2,2,2,"Psilocybin",2,39
"217",21,1,1,1,1,-1,1,2,2,-2,-1,-1,1,-1,0,-1,1,0,-2,-2,1,1,1,1,-1,1,-1,1,2,-1,1,1,-2,1,-2,1,0,1,-2,-2,-2,1,-2,2,-2,1,-1,-2,1,-2,-2,2,2,"Alcohol",7,34
"218",46,1,1,-1,0,1,0,0,1,0,1,0,1,2,-1,1,1,0,2,-1,-1,1,-1,-1,-1,0,0,-1,-2,1,1,2,-1,-1,-1,1,-1,1,1,1,1,1,1,-1,-1,0,-1,1,1,0,1,2,2,"Marijuana",7,64
"219",25,-2,-2,2,2,2,0,0,0,-1,2,-1,-2,2,-1,2,2,-2,-1,-1,-2,-2,-2,-1,2,-2,1,2,2,1,-2,2,2,2,-2,1,1,2,0,1,1,2,2,0,0,2,2,1,-1,-1,2,2,-2,"Heroine",7,20
"220",22,1,-2,2,2,2,2,2,2,0,-1,-1,1,2,0,2,2,-2,1,2,-2,0,0,-1,0,2,2,-1,-2,2,1,2,0,-2,2,1,0,2,2,2,0,2,2,-1,-1,-1,2,2,2,0,0,2,-2,"MDMA",4,45
"221",30,1,-1,1,2,2,1,1,1,-1,0,-1,0,2,0,2,2,-1,0,1,-2,-2,1,-2,0,2,2,-1,-2,1,0,2,-2,-1,0,0,0,1,2,2,2,2,2,-1,-1,1,1,2,0,-2,0,0,0,"MDMA",4,45
"222",23,2,2,0,2,2,1,-1,-2,1,1,2,1,2,1,2,2,0,2,0,0,1,1,1,2,1,0,-1,0,1,1,2,2,1,-2,1,1,1,2,2,2,2,2,0,0,0,1,1,0,0,1,2,0,"LSD",3,74
"223",33,1,-2,2,2,2,0,-1,0,0,1,-1,1,2,2,2,1,-2,2,2,-2,-2,-2,-2,2,0,2,1,-1,2,1,2,-2,-2,1,0,2,0,2,2,1,1,2,-2,0,-1,0,2,2,0,1,2,-1,"LSD",3,74
"224",24,2,1,1,2,2,2,1,0,-1,2,0,2,2,1,2,2,1,2,-1,-1,0,-1,-2,1,2,1,-1,-2,1,2,2,-1,-1,-1,1,1,1,2,2,2,2,2,1,1,1,1,1,2,1,2,2,2,"LSD",5,74
"225",25,0,-1,1,2,2,-1,-2,-1,2,2,-1,2,2,2,2,2,-1,2,-2,-2,1,1,-2,0,2,2,-2,-2,2,-2,2,-2,-2,-2,2,2,2,2,2,2,2,2,-2,-2,-2,-2,2,2,0,2,2,-2,"Psilocybin",4,39
"226",25,1,-2,2,2,2,1,1,1,-2,1,-2,1,2,1,2,2,-2,1,-1,-2,-2,-1,-2,0,2,2,-1,-2,2,-2,2,-2,-2,-2,1,0,2,1,1,1,2,2,-2,-1,1,-2,1,1,0,1,2,-2,"MDMA",5,45
"227",22,2,1,1,2,2,2,2,2,2,2,-1,2,2,2,2,2,1,2,-2,-1,1,2,-1,2,2,1,2,-1,1,2,2,-2,-2,1,0,2,0,2,2,2,2,1,-2,-2,0,-1,2,2,-2,2,2,-2,"LSD",2,74
"228",32,-2,-2,2,2,2,1,1,1,-2,0,0,1,1,-2,2,2,-2,2,1,-2,-2,-2,-2,1,1,0,2,2,1,0,1,2,2,-1,0,-1,2,0,0,-2,2,2,1,-2,2,2,1,1,-2,2,2,1,"Heroine",7,20
"229",25,0,1,-1,-2,-1,-1,-1,-2,2,1,-1,2,0,-2,-2,1,0,-2,-2,0,0,1,0,-2,-2,-2,2,0,-2,-2,1,1,0,-2,2,0,-1,-2,-2,-2,0,-2,1,-1,2,-2,-2,-1,1,-2,2,-2,"Ketamine",3,8
"230",25,1,0,2,1,1,1,0,0,0,-1,-2,1,1,1,0,1,-2,1,-2,-2,0,-1,0,0,0,0,-2,-2,1,1,2,1,-2,-2,1,1,1,1,1,0,1,1,1,1,-2,0,1,-1,-1,1,1,1,"Marijuana",5,64
"231",23,1,-1,1,2,1,2,-1,0,0,1,-1,2,2,2,2,2,-2,2,1,-2,-1,0,1,1,2,2,2,-2,2,-1,2,-1,-2,0,0,2,1,2,2,0,2,2,-2,0,-1,-2,2,2,-2,1,2,2,"LSD",3,74
"232",23,-2,1,-2,-2,-1,0,2,-2,-1,0,2,-1,-2,-2,-2,-2,0,-2,-2,0,1,1,-2,-1,2,-2,2,2,-2,0,-2,-1,2,-2,0,-2,-2,-2,-2,-2,-2,-2,2,-1,2,2,-2,-2,-1,-2,1,1,"Alcohol",6,34
"233",32,2,0,2,2,2,1,2,2,-2,2,0,0,2,0,0,2,2,2,-1,1,1,-1,0,1,1,2,0,2,2,0,-2,2,0,-2,2,0,2,2,0,2,2,2,2,0,2,2,2,2,0,2,2,0,"Heroine",2,20
"234",23,2,-2,2,2,2,2,0,2,2,0,-2,2,2,2,2,2,-1,2,1,-2,-2,-1,2,1,0,2,-2,-2,2,-1,2,-2,-2,0,0,2,2,2,2,2,2,2,-2,-1,-2,-1,2,2,-2,2,2,2,"Psilocybin",4,39
"235",25,1,-1,1,-1,1,1,2,1,0,1,1,1,1,0,-2,0,1,0,-2,2,2,0,0,1,1,0,1,2,0,1,-1,-1,1,-2,0,0,1,1,-1,0,0,0,1,-2,2,1,-2,0,0,0,1,1,"Alcohol",6,34
"236",23,2,2,2,2,2,2,2,2,-2,2,-2,2,2,1,1,2,-2,2,2,-2,-2,-2,2,2,2,2,-2,-2,2,0,2,-2,-2,-2,-1,0,2,2,2,1,2,2,-2,-1,-2,-2,2,-1,-2,2,2,0,"MDMA",4,45
"237",25,-2,1,1,1,2,-2,-1,0,1,1,1,2,1,1,0,1,0,1,0,0,1,-2,0,-1,0,1,0,-1,1,0,1,0,1,0,1,1,1,1,0,0,0,1,0,1,1,0,1,1,-2,1,1,2,"Marijuana",4,64
"238",23,1,0,0,1,1,1,-2,2,2,2,0,2,2,2,2,1,-1,2,-1,-2,0,0,-2,2,1,2,-1,-2,2,-2,2,0,-1,0,2,2,1,2,2,2,2,2,-2,-2,-2,-2,2,2,0,2,1,-1,"LSD",3,74
"239",25,-2,0,0,1,2,0,0,0,2,2,1,1,2,2,2,2,0,2,2,0,0,-2,-2,1,1,2,1,-2,2,0,2,0,0,1,2,2,0,2,2,2,2,2,0,-2,1,0,2,1,-2,1,1,-1,"Psilocybin",2,39
"240",23,2,-1,-1,1,1,2,1,1,1,1,0,2,2,2,0,2,1,1,0,-1,-2,0,-2,-1,1,1,1,-2,1,2,2,0,-2,0,1,2,0,1,1,1,1,0,-2,0,-2,-2,1,2,0,2,2,0,"2C-B",2,8
"241",25,2,-2,2,2,2,2,2,1,1,2,-1,0,2,1,2,2,-2,0,1,-2,-1,1,0,1,2,2,-2,-1,2,-1,2,0,0,0,0,1,1,1,2,1,2,1,-2,-2,1,1,1,2,1,0,2,-1,"MDMA",1,45
"242",27,-2,-2,2,2,2,-2,2,2,-2,1,-2,1,2,0,2,2,-2,2,0,-2,-1,-2,-2,0,2,2,-1,-2,2,1,2,-2,-2,-2,-2,0,2,2,2,2,2,2,0,-1,-2,-2,1,0,0,1,2,-2,"MDMA",3,45
"243",31,2,-1,0,2,2,0,-1,0,1,1,1,1,2,1,2,0,-2,2,0,-2,1,-2,0,1,0,2,-1,-2,2,-1,2,0,-1,0,2,2,0,2,2,2,2,2,0,-1,-2,-2,1,1,0,1,0,0,"Psilocybin",2,39
"244",26,1,-2,0,2,2,1,2,0,-2,1,-2,0,1,-2,1,2,-2,1,0,-2,-2,1,1,-1,2,2,-1,-2,2,0,2,-2,-2,-2,-2,1,1,1,2,0,0,1,-2,-1,0,-1,-2,-1,-2,0,-2,-2,"MDMA",3,45
"245",100,2,2,1,1,-1,0,-1,-1,1,2,2,2,2,-2,-2,1,1,-2,1,1,1,-1,2,0,1,-1,2,0,-1,2,-1,-2,1,2,2,-2,-1,-1,1,-2,-2,-2,1,-1,1,-1,1,1,-2,-1,2,2,"Marijuana",7,64
"246",20,1,-2,2,2,2,1,2,1,-2,2,1,0,0,0,0,2,-2,1,1,1,-2,-2,-2,1,-2,2,2,2,1,-2,-1,2,-2,-2,-2,0,2,0,0,0,2,1,1,-1,2,2,0,0,0,1,2,1,"Heroine",6,20
"247",29,2,-1,1,2,2,1,1,1,0,1,-1,2,2,0,1,2,-1,1,0,-2,0,0,0,1,1,-1,-2,-2,-1,1,2,1,-1,-1,-1,2,2,1,1,0,2,1,0,1,-1,-2,0,0,0,1,2,-1,"MDMA",4,45
"248",39,-2,-2,1,0,-1,-2,1,-1,-2,-2,1,1,-2,-2,-2,-2,1,-2,-2,1,-1,-2,0,-1,1,-2,1,2,-2,0,-1,1,1,-2,0,-2,0,-2,-2,-2,-2,-2,0,0,2,-2,-2,-2,-2,-2,-2,-2,"Alcohol",5,34
"249",25,1,-2,1,-1,0,0,1,0,-2,0,-2,-1,-1,-1,-2,1,-2,-2,0,-2,-1,0,1,0,-1,1,1,0,1,-1,0,-1,-1,1,0,-2,0,-2,-1,-2,-1,-2,0,0,0,-1,1,-2,-1,-2,-2,0,"Pregabalin",5,2
"250",44,1,1,0,1,2,1,-1,-2,1,1,1,1,2,1,2,2,1,2,0,-1,1,-1,-2,2,0,0,-1,-2,0,1,2,-1,-2,-2,1,2,0,2,2,2,2,2,1,-1,-2,-1,1,1,0,0,2,-1,"LSD",6,74
"251",20,-2,-2,2,2,2,0,1,2,-2,-1,-1,-1,1,-2,-2,2,-2,-1,0,-2,-1,-1,-1,-1,-1,-2,-2,0,-1,-2,2,1,-1,-1,-2,-2,2,-1,-1,-1,1,1,1,-1,1,2,-1,-1,-1,0,-1,-1,"Heroine",7,20
"252",39,-2,0,-2,0,0,0,1,-2,-2,-2,1,-2,-2,-2,-2,-2,2,-2,-2,2,-2,-2,-2,-2,-2,-2,0,-2,-2,-2,-2,-2,1,-2,-2,-2,-2,-2,-2,-2,-2,-2,0,-2,-1,-2,-2,-2,-2,-2,-2,-2,"Tobacco",3,7
"253",24,2,0,2,2,2,2,-2,2,2,2,0,2,2,2,2,1,-1,2,2,-2,-1,-1,2,0,2,2,0,-2,2,1,2,1,-1,-2,2,2,2,2,2,2,2,2,2,2,-2,0,2,0,0,2,0,-2,"Psilocybin",4,39
"254",44,0,1,-1,1,0,0,-2,-2,1,2,1,1,2,2,2,1,1,2,1,-2,1,0,-2,-2,-2,0,0,-1,0,-1,2,0,1,-2,2,2,0,2,2,2,2,2,2,-2,1,-1,0,-2,0,-2,-1,-2,"DMT",3,17
"255",37,2,1,-1,0,1,1,1,0,0,1,0,1,1,1,0,0,-1,1,1,0,0,-1,-1,1,0,1,-1,-1,1,0,2,0,1,-1,1,1,0,0,0,0,1,0,0,-1,-1,1,-2,-2,-2,1,2,0,"2C-B",1,8
"256",22,1,-2,2,2,2,1,2,2,-2,-2,-2,-2,2,-2,2,2,-2,2,2,-2,-2,-2,2,0,2,2,0,-2,0,-2,1,0,-1,0,2,2,2,2,2,-2,1,0,0,0,2,0,2,0,-2,2,2,-2,"Heroine",3,20
"257",21,0,1,2,2,2,2,-1,-1,-1,2,0,1,2,2,2,2,-2,2,-2,-2,2,2,2,2,2,2,-2,-2,-2,-2,2,-2,-2,-2,2,2,2,2,2,2,2,2,-2,-2,2,-2,0,0,0,2,2,-1,"LSD",3,74
"258",18,-1,-1,2,2,2,-1,1,1,0,0,0,0,-1,-1,-2,2,-2,-2,0,0,0,-2,0,-1,0,-2,1,1,-1,-2,-1,1,1,-1,1,0,2,-1,-1,-1,1,1,1,1,1,2,-1,-1,0,0,-1,-1,"Heroine",6,20
"259",20,0,1,1,1,2,0,1,1,2,0,0,1,2,0,0,1,1,1,1,-1,1,-1,-1,-1,1,1,0,-1,0,1,2,0,0,1,1,1,1,2,2,1,1,2,0,1,2,1,1,2,1,1,2,2,"Marijuana",6,64
"260",32,1,-1,1,0,1,2,-2,1,-2,2,0,0,1,2,2,-1,-2,1,0,0,-1,1,-2,1,1,2,0,0,2,0,2,1,-2,1,1,2,2,2,2,2,2,2,-2,-2,0,-2,2,2,0,0,0,-1,"LSD",4,74
"261",24,1,-2,2,1,2,0,1,1,0,0,0,0,1,1,1,2,-2,0,0,-1,-1,-1,-1,1,1,-1,1,2,0,0,-1,0,1,0,1,0,1,0,0,0,1,1,1,-1,2,2,0,0,0,0,1,1,"Heroine",6,20
"262",32,-1,-1,1,0,0,0,-2,0,1,2,-1,-2,2,2,2,0,-1,2,-2,0,-1,0,-2,0,-1,2,-2,1,2,-2,2,2,0,2,-2,0,0,2,2,2,2,2,-2,-2,2,-2,2,2,0,1,0,-2,"Salvia",3,10
"263",32,1,1,2,2,2,1,0,2,-2,1,1,2,2,1,2,2,0,2,1,-2,-1,0,-2,2,2,2,1,0,2,1,2,0,0,2,0,2,2,2,2,2,2,2,-2,1,0,-2,2,2,0,2,1,0,"Mescaline",4,7
"264",32,0,1,1,1,2,1,-1,0,2,2,2,2,2,2,2,1,-1,1,-1,0,1,1,-2,0,2,1,1,0,1,-1,2,2,1,-1,2,1,2,2,2,2,2,2,-2,-2,1,-2,1,2,0,1,0,-1,"Psilocybin",5,39
"265",23,2,-2,2,2,2,0,0,2,-2,-1,-2,2,2,-1,1,2,-2,0,1,-2,-2,-2,-2,1,1,1,-1,-2,2,2,2,-2,-2,-2,-2,-2,2,1,-1,0,2,2,-1,0,-2,-2,1,-2,-2,0,1,-2,"MDMA",5,45
"266",30,1,-1,1,1,2,1,2,1,2,2,1,1,1,1,1,-1,-2,1,0,0,1,1,0,0,2,1,0,-1,1,0,2,-1,0,-1,1,0,1,1,1,2,1,1,-1,0,2,1,1,0,0,1,1,0,"MXE",4,1
"267",25,0,1,1,1,1,0,1,1,1,-1,-1,1,2,-1,-1,1,-1,2,0,-1,0,-1,0,0,0,1,-1,-2,1,0,1,0,-1,-1,1,0,2,2,1,1,0,0,0,0,1,-1,1,-1,-1,0,1,2,"Marijuana",5,64
"268",25,0,-1,0,1,1,1,0,1,2,1,1,2,2,2,2,1,-1,2,2,0,2,-2,-2,2,2,2,0,-1,2,1,2,-2,-2,-1,1,2,-1,2,2,2,2,2,-1,-1,-2,-1,2,1,-1,1,2,-1,"LSD",2,74
"269",25,2,-2,0,2,2,2,2,1,0,2,-2,-1,1,-1,1,2,-2,-1,1,-1,-2,2,-2,1,2,2,-1,-1,2,2,2,-2,-1,-1,-1,-1,1,2,1,1,2,2,-1,0,-1,-1,1,1,-1,0,1,-1,"MDMA",2,45
"270",35,2,-1,0,2,2,2,2,1,1,1,0,1,2,1,0,1,0,2,-1,1,0,1,-2,1,2,2,-1,-1,1,1,2,-1,1,-2,1,1,0,0,1,0,1,1,0,-2,1,-1,-1,2,0,0,2,-1,"MDMA",5,45
"271",25,-1,-2,1,1,1,0,1,1,0,-1,-2,1,0,0,-2,1,1,1,-1,1,1,-1,0,1,0,-2,2,1,-2,1,-1,-1,-1,-2,1,0,1,-1,-2,-2,-1,-2,2,-2,1,-1,-2,-2,-2,1,1,1,"Alcohol",6,34
"272",25,1,-2,2,2,2,1,2,1,0,1,-1,1,1,0,1,1,-1,0,1,-2,-1,0,-2,-1,2,2,-1,-2,2,1,2,-1,-1,0,0,1,2,2,2,1,1,2,-1,-1,-1,-1,1,1,0,0,2,-1,"MDMA",4,45
"273",25,-1,-1,1,1,1,1,0,0,0,1,-1,2,1,1,-1,1,-1,1,-1,1,-1,-1,1,0,-1,1,-2,-2,1,-2,0,-2,-2,-2,1,1,1,1,0,0,-1,-2,1,-1,1,-1,1,1,-1,2,2,2,"Marijuana",2,64
"274",21,1,-2,2,2,2,0,0,1,0,1,-2,-2,2,2,2,2,-1,2,2,-2,-2,-2,-2,2,2,2,-2,-2,2,-2,2,-2,-2,-2,2,2,2,2,-2,2,2,2,-2,-2,-2,-2,2,0,-2,2,0,-2,"DMT",7,17
"275",35,1,-2,-2,2,1,2,2,2,-2,1,-2,1,1,2,1,2,-2,2,-1,-2,-2,1,-2,0,2,0,0,-2,1,1,2,-2,-2,-2,0,2,-1,1,1,0,1,0,1,-2,1,-2,-1,1,0,0,2,-1,"MDMA",5,45
"276",18,0,-2,2,2,2,1,2,2,-2,0,-2,-2,2,-1,2,2,-2,1,1,-2,-2,-2,-2,1,0,1,0,-1,-2,-2,2,-1,0,-2,0,1,2,2,2,2,2,2,0,-1,0,2,1,2,-2,1,1,2,"Morphine",6,5
"277",25,1,1,-2,-1,0,2,1,1,-2,1,-2,-2,-2,-1,-2,0,1,-2,2,1,-2,1,0,0,-1,1,1,0,1,-2,1,0,0,1,-1,-1,-1,-1,-1,-1,-1,-1,-1,0,1,1,0,0,0,-2,1,-1,"Caffeine",7,7
"278",18,2,-2,0,1,1,2,2,1,-1,1,-1,1,2,-2,2,2,0,2,2,-2,0,1,-1,2,0,-2,-2,-2,2,-2,2,-2,-2,-2,0,-2,-2,2,1,0,2,2,-1,-2,-2,-2,1,0,1,0,2,-2,"MDMA",4,45
"279",26,2,-2,1,2,2,1,1,1,2,2,-2,2,2,2,2,2,-1,2,-2,-2,0,0,-2,2,2,2,0,-2,2,2,2,-2,-2,-2,2,2,2,2,2,2,2,2,-2,-2,-2,1,2,2,-1,2,2,1,"Psilocybin",7,39
"280",18,0,-2,2,2,2,0,0,1,0,1,-2,2,2,1,-1,2,0,2,0,-2,-1,-1,0,1,1,1,-2,-2,1,1,2,-1,-2,0,2,2,2,2,1,1,1,1,0,-1,2,1,2,2,1,0,2,2,"Marijuana",7,64
"281",20,2,2,-1,2,2,-2,1,1,-2,-2,-2,2,2,0,-2,1,0,-2,-2,0,2,2,2,-2,0,0,-2,2,-2,-2,0,-2,-2,0,0,0,-2,-2,-2,-2,-2,2,0,0,-2,2,0,0,0,-2,2,2,"Marijuana",3,64
"282",30,2,-2,-1,1,2,2,1,0,2,2,-2,2,2,2,2,2,-2,1,0,0,0,0,1,2,1,1,0,-2,0,0,2,0,-2,0,0,2,0,1,2,2,2,1,-2,0,-1,-1,0,0,0,1,2,0,"Mescaline",2,7
"283",30,2,-1,2,2,2,2,2,2,2,0,-1,2,2,2,2,2,-2,2,2,-2,-1,2,-2,0,2,2,-2,2,2,2,2,2,-2,0,2,2,2,2,2,2,2,2,-2,0,-2,0,2,2,2,2,2,2,"Marijuana",7,64
"284",27,-2,-2,1,0,1,-1,1,1,0,0,1,1,1,0,-1,1,0,1,-1,0,1,0,2,-1,1,-1,1,2,-1,1,0,0,0,-2,2,1,0,1,0,-1,-2,-2,2,-1,1,0,0,1,-1,1,1,2,"Alcohol",6,34
"285",27,1,-2,2,1,1,0,1,1,1,0,-1,1,2,1,1,1,-1,2,1,-1,-1,-1,0,0,1,2,0,-2,1,1,2,0,0,-1,1,1,1,2,2,1,1,1,0,1,-1,0,2,2,0,2,2,2,"Marijuana",7,64
"286",27,2,2,1,0,1,2,2,1,0,1,-1,1,1,0,0,1,-1,1,1,-1,-2,1,0,1,1,2,0,1,1,1,1,-2,0,1,-1,1,1,1,-1,-1,-1,-1,-2,-1,1,2,2,2,0,1,1,-1,"Caffeine",7,7
"287",27,2,1,1,1,1,2,2,2,1,2,0,1,2,2,1,1,0,2,2,0,-1,2,2,1,0,2,2,2,2,1,0,1,0,-1,0,1,1,1,1,-1,0,-1,-2,-2,1,0,2,2,2,2,2,-1,"D-Amphetamine",2,12
"288",31,2,0,1,2,1,2,2,2,0,1,0,0,1,0,1,1,-1,0,0,0,0,0,0,0,1,0,0,0,0,0,2,0,0,0,0,0,0,0,0,0,1,1,0,0,1,0,0,0,0,0,2,0,"MDMA",5,45
"289",27,-2,-2,-2,-2,-2,-2,-2,-2,-2,-2,-2,-2,-2,-2,-2,-1,-2,-2,-2,-2,-2,-2,-2,-2,-2,-2,-2,-2,-2,-2,-1,-2,-2,-2,-2,-2,-1,-2,-2,-2,-2,-2,-2,-2,-2,-2,-2,-2,-2,-2,-2,-2,"Aspirine",6,4
"290",20,1,-1,2,1,0,2,1,2,-2,-1,-2,-1,0,1,0,-1,-1,0,1,-2,-1,-2,-2,0,0,2,2,-2,2,0,2,-1,-1,1,-2,1,2,2,0,-1,-2,1,-2,2,-1,-2,1,1,-2,1,1,-1,"L-Tyrosine",6,3
"291",27,2,-1,1,1,2,2,2,2,2,1,1,2,2,2,2,2,-2,2,2,-1,-2,-1,-2,2,2,2,0,-2,2,2,2,1,0,-2,1,2,0,1,2,2,2,2,1,-2,2,0,2,2,1,2,2,2,"LSD",6,74
"292",27,1,0,0,2,2,1,2,1,2,2,1,2,1,2,2,2,0,2,1,-2,0,-1,-2,1,2,1,1,-2,1,1,2,1,0,-2,2,2,0,2,2,2,2,2,2,-2,2,-1,2,2,-1,2,2,2,"Psilocybin",6,39
"293",27,-1,1,-1,0,0,0,-1,-1,2,2,1,0,2,2,2,2,1,2,-2,-1,1,2,-2,-2,1,-1,-2,-2,1,-1,2,2,1,-2,2,2,-1,2,2,2,2,2,2,-2,2,-2,2,2,1,1,2,-2,"DMT",4,17
"294",27,-1,2,-1,-1,-1,-1,-2,-2,2,2,2,1,2,2,1,-1,2,1,-2,1,2,2,0,-2,1,-2,0,-2,-2,-2,-1,-2,2,-2,2,2,-2,1,1,1,2,1,2,-2,2,-2,-1,2,2,1,1,-2,"Salvia",4,10
"295",27,1,-1,1,1,2,2,2,2,2,1,0,1,2,2,2,2,-1,2,2,-1,-1,-1,-1,1,2,2,0,-1,1,1,1,-1,0,-2,1,2,1,1,2,2,1,1,1,-2,1,-1,1,2,1,2,2,0,"2C-I",2,2
"296",27,2,-1,1,2,2,2,2,2,1,2,-2,2,2,2,2,2,-2,2,-1,-2,-1,1,-1,1,2,2,0,0,1,2,1,-1,-1,-2,1,2,1,2,2,2,2,2,2,-2,1,-1,2,2,1,2,2,0,"MDMA",4,45
"297",27,2,-1,1,2,2,2,2,2,-1,2,-2,2,2,0,-1,1,-2,2,2,-2,-2,1,-2,-2,1,1,1,1,2,1,-1,1,-1,-2,-2,1,1,2,2,0,1,0,-2,0,2,1,2,2,-1,2,2,-1,"Cocaine",6,10
"298",62,2,2,2,0,0,1,2,2,0,0,2,1,1,0,0,0,1,0,0,1,1,0,0,0,2,-1,1,2,-2,1,-1,0,1,-2,-2,-2,2,0,0,0,0,1,2,0,2,1,-1,-1,-2,0,2,1,"Alcohol",7,34
"299",27,-1,-2,1,1,1,-1,-1,-1,1,1,-1,0,2,2,1,2,-1,2,0,0,1,0,1,0,-1,-2,0,-1,-2,-1,0,-1,0,-2,2,2,2,2,1,0,0,0,2,-1,1,-1,-1,1,1,1,2,0,"Ketamine",2,8
"300",27,1,-1,1,1,1,1,1,1,1,1,1,1,1,1,1,1,1,1,-1,-1,1,0,-1,1,1,-2,0,0,-2,0,-1,-2,1,-2,2,2,1,1,1,1,1,0,2,1,2,-1,0,1,1,1,2,0,"DXM",6,9
"301",27,1,-2,2,1,1,1,2,2,-1,-2,-2,1,2,0,0,1,-2,1,1,-2,-2,-2,1,-1,1,2,1,-2,2,1,2,-2,-2,-2,1,1,1,1,0,0,0,0,1,-1,2,1,2,2,-2,1,2,2,"Alprazolam",7,3
"302",27,1,-1,2,1,2,1,2,2,-2,-2,-2,1,2,0,1,2,-2,2,1,-2,-2,-2,-2,0,1,1,1,1,1,1,1,1,-1,-2,1,1,2,1,1,0,1,0,-1,0,2,1,1,1,-1,1,2,2,"Morphine",6,5
"303",27,1,-1,2,1,2,1,2,2,-1,1,-2,1,1,0,1,2,-2,1,1,-2,-2,-2,1,-2,1,-2,1,1,-2,1,-2,2,-1,-2,1,1,2,1,1,0,2,0,1,-1,2,1,1,2,0,1,2,2,"Heroine",5,20
"304",27,-1,-2,1,1,1,0,2,2,-1,-2,-2,1,1,-1,0,1,-2,2,1,-2,-1,-2,-2,1,0,1,0,-2,1,0,1,-2,-2,-2,1,1,1,1,1,0,0,0,1,1,2,0,-1,0,-1,1,2,2,"Clonazepam",7,4
"305",26,1,-2,2,1,1,-1,1,2,-2,-2,-2,2,1,-2,1,1,-2,2,-1,-2,0,-2,-2,-1,1,1,-2,-2,1,1,2,0,-2,-1,0,-2,2,2,0,1,2,2,-2,1,-2,1,1,1,0,2,2,2,"Marijuana",7,64
"306",27,1,-1,1,1,1,1,1,1,-1,-1,-2,1,1,0,-1,1,-2,1,1,-2,-2,-2,0,1,1,2,-1,-2,2,1,1,-2,-2,-2,-1,1,1,1,1,1,0,0,-1,1,-2,-1,1,1,-1,1,2,2,"Kratom",7,1
"307",24,0,0,0,0,0,0,0,0,1,2,2,2,2,2,2,2,0,2,2,0,2,0,-2,0,2,2,1,-2,2,0,2,0,0,1,0,2,1,2,2,0,0,1,-1,-1,-1,-2,2,2,2,2,2,2,"Psilocybin",1,39
"308",28,-1,1,2,0,0,1,-1,-1,1,1,0,1,2,1,0,1,1,2,0,0,0,0,0,0,0,1,1,-1,1,1,1,0,0,0,1,0,1,1,0,0,0,0,0,0,0,1,1,1,0,1,2,2,"Marijuana",5,64
"309",28,0,1,1,1,1,1,1,1,1,2,1,1,2,2,2,2,1,2,-1,-1,-2,-2,-2,-1,2,2,0,1,2,-2,2,0,1,0,2,1,2,2,2,2,2,2,0,0,2,-1,2,2,0,2,0,0,"Psilocybin",2,39
"310",21,2,1,0,2,2,2,2,1,2,1,-2,-1,2,0,0,2,1,2,-1,-2,-1,2,-2,0,2,1,1,1,1,1,1,1,0,-2,-1,0,-2,1,1,1,2,1,-1,-2,1,-2,1,2,-1,1,2,-2,"Psilocybin",4,39
"311",20,2,0,1,1,1,0,1,-1,2,1,1,2,2,2,2,1,0,2,1,-2,1,1,0,1,1,1,0,0,2,0,2,0,-2,0,0,1,1,1,2,1,2,2,1,0,2,1,1,-1,0,0,1,0,"LSD",4,74
"312",21,1,2,1,1,1,-1,-2,0,2,2,1,1,2,1,0,1,1,2,1,0,1,-1,0,1,1,2,1,-2,2,-2,2,0,1,1,-2,1,1,1,1,1,1,2,-1,-1,-2,-2,2,2,-1,1,1,-2,"Psilocybin",3,39
"313",21,1,-1,1,1,1,1,2,2,0,-1,1,2,1,-2,0,0,-2,1,-2,0,1,-1,-2,-2,1,1,1,1,1,1,1,-2,0,-2,-1,1,1,1,0,-2,0,0,1,1,2,1,0,1,0,1,1,1,"Alcohol",6,34
"314",19,2,1,1,1,2,2,2,1,2,2,-2,2,2,2,2,2,0,2,-1,-1,1,-2,-2,2,2,2,2,-1,2,-2,2,-1,-2,-2,-2,2,-1,2,2,2,2,2,1,-2,-2,2,2,-1,-1,1,2,-2,"LSD",4,74
"315",19,2,1,0,2,1,0,0,0,2,2,1,2,2,-1,2,2,-1,2,-1,1,2,0,-2,2,2,2,1,-1,1,1,1,-2,-1,-2,-1,2,-1,2,2,2,2,2,2,-1,2,2,2,0,-2,2,2,-2,"Psilocybin",4,39
"316",19,1,0,1,0,1,1,1,1,2,1,0,1,1,-1,0,1,-2,1,-2,-1,0,-2,0,-1,-1,-1,-1,0,-1,2,2,-1,-2,-2,-2,-1,-1,-1,-1,0,1,-1,1,-1,-1,2,1,0,-2,1,2,1,"Alcohol",6,34
"317",19,2,0,-2,1,2,2,2,0,2,2,-1,2,2,0,0,2,-1,1,-1,-1,-1,2,1,1,-1,-1,-1,0,-1,2,0,-1,-1,-1,-1,0,-1,1,1,1,1,-1,1,-2,1,1,-1,-1,-1,0,2,-2,"MDMA",5,45
"318",19,1,-2,2,2,2,1,1,2,0,-1,-2,1,1,-1,2,2,-2,2,1,-2,-2,-2,1,0,0,0,-1,-2,0,2,2,-2,-2,-2,1,0,1,1,1,1,1,0,-2,1,-2,2,2,-1,-2,2,2,0,"Marijuana",7,64
"319",19,2,0,-2,0,0,2,2,1,1,1,-2,1,1,0,0,2,-1,1,-1,-1,1,2,0,-1,-1,-1,-1,1,-1,2,0,-2,-1,-2,-2,-2,-2,-2,-2,-2,0,-2,1,-2,0,1,-1,-1,-1,-1,2,-2,"Cocaine",5,10
"320",19,2,1,1,-1,0,1,2,1,-2,-2,-2,-2,-2,-2,-2,0,-2,1,2,1,-2,0,-2,-2,-2,2,0,0,2,2,0,-2,-2,-2,-2,-2,1,1,1,-2,-2,-2,-2,2,-1,2,-2,0,-2,1,2,1,"Tobacco",6,7
"321",25,1,1,1,0,0,-1,1,0,1,1,1,1,1,-1,0,1,1,0,-2,1,1,0,0,1,1,-1,1,2,-2,-2,0,0,1,-2,1,0,0,-1,-1,-1,-1,-2,2,-2,2,0,-2,-2,-2,0,0,-2,"Alcohol",6,34
"322",21,2,0,0,0,0,2,2,0,2,2,0,2,2,2,0,1,1,2,0,0,0,2,0,1,0,2,0,0,0,0,2,0,0,0,2,2,0,0,2,2,2,0,2,-2,2,2,0,1,1,2,-1,-2,"Mescaline",1,7
"323",24,2,-2,2,2,2,1,2,2,-1,2,-2,0,2,1,1,1,-2,0,1,-2,-2,0,-2,2,2,2,0,0,2,2,2,-2,-1,0,0,0,2,2,2,1,2,1,-2,-2,1,0,2,-1,-2,0,2,-2,"MDMA",2,45
"324",19,1,0,1,1,1,1,1,1,0,0,0,1,1,0,1,1,-1,1,0,-1,0,0,0,0,1,1,0,-1,0,1,2,1,0,-1,1,0,1,1,0,0,0,1,0,1,-2,1,1,0,0,1,2,2,"Marijuana",7,64
"325",42,-1,0,0,2,2,0,-1,0,2,2,2,1,2,2,2,2,1,2,-2,1,2,1,-2,2,2,1,0,1,1,-1,1,0,1,-2,0,1,1,1,1,2,2,2,1,-1,2,-2,1,2,-2,2,2,1,"Psilocybin",3,39
"326",NA,-2,1,2,1,-1,-1,2,0,-1,-1,0,2,0,-2,-2,-1,2,-2,-2,-2,2,0,1,1,-1,-2,-2,2,-2,-1,-2,1,-1,-2,0,-2,-2,-2,-2,-2,-2,-2,2,-2,2,2,-2,-2,0,-2,-1,-2,"Alcohol",7,34
"327",18,2,1,1,2,2,2,0,2,0,2,2,2,2,2,2,2,1,2,2,-2,-2,0,0,2,2,2,2,-2,2,-2,2,0,-1,-2,2,2,2,2,2,2,2,2,2,2,-2,2,2,2,2,2,2,-2,"LSD",1,74
"328",18,2,-1,-1,-1,2,2,2,-1,2,2,1,2,2,2,2,2,2,1,2,2,2,0,-1,2,2,2,-2,-2,2,-2,2,-2,-2,-2,0,2,1,2,2,2,2,2,0,-2,2,2,2,-1,-2,1,1,-2,"LSD",2,74
"329",26,2,-1,2,2,2,2,-1,1,2,2,1,2,2,2,2,2,-2,2,-1,-2,2,-1,0,1,2,1,1,0,1,2,2,0,0,1,1,2,2,2,2,2,2,2,0,-1,-2,-1,2,2,0,2,2,2,"LSD",5,74
"330",26,2,0,2,2,2,2,-2,2,2,2,1,2,2,2,2,2,0,2,-2,0,-2,2,0,-2,1,2,2,0,2,1,2,-1,0,2,2,2,2,2,2,2,2,2,0,0,1,0,2,2,-2,2,2,0,"DMT",3,17
"331",25,1,0,1,1,1,2,1,1,1,1,1,1,2,1,1,1,0,1,0,0,1,0,-1,0,2,2,0,-2,2,1,2,1,-1,2,1,1,1,1,1,0,2,1,-1,1,-2,-2,1,1,0,1,2,1,"LSD",3,74
"332",25,1,-1,1,1,-1,1,1,-1,-1,-1,0,1,1,-2,-2,-1,-1,1,0,-1,-1,0,1,-2,1,0,0,1,0,1,1,0,0,-2,-2,-2,1,-1,-1,-2,-2,-2,1,-1,1,0,-1,-1,-1,-1,-1,-1,"Alcohol",6,34
"333",35,1,-2,1,1,2,1,1,1,-1,-1,-2,0,2,1,1,1,0,1,0,-2,-2,-1,-2,1,2,2,-2,-2,2,1,2,-2,-2,-1,-1,1,1,1,1,1,1,1,-2,-1,-1,1,1,2,1,0,2,-2,"MDMA",5,45
"334",35,1,1,1,2,2,-2,-2,-2,1,1,1,-1,2,2,2,1,1,2,-2,-2,1,-1,-2,2,2,2,-1,-2,2,1,2,-2,-1,0,1,2,2,2,2,2,2,2,-2,-2,-2,-1,1,2,-1,1,2,-2,"LSD",2,74
"335",26,2,0,1,1,1,1,1,0,1,1,0,2,2,1,1,2,-2,2,1,0,0,-2,-2,-1,1,1,0,-2,1,2,2,-2,-2,-2,2,2,2,2,2,1,2,1,1,-2,-2,0,2,2,-2,2,2,2,"Marijuana",7,64
"336",23,1,1,-1,2,2,2,1,1,1,1,0,2,2,2,1,2,1,2,0,0,1,1,0,0,1,1,-1,-1,1,2,2,-2,-1,-1,0,2,1,2,1,1,2,1,0,1,0,-2,1,2,2,1,2,-1,"2C-B",4,8
"337",24,1,-2,1,0,1,-2,0,0,0,0,0,0,1,0,0,1,-1,-1,1,-1,1,-1,1,1,0,1,0,0,1,-2,1,0,0,2,0,0,1,1,-1,1,0,1,-1,2,0,0,1,1,0,0,-1,1,"Alprazolam",5,3
"338",28,2,1,-2,2,2,2,1,2,2,1,0,1,2,2,1,2,1,2,-1,-1,1,2,1,1,2,1,0,0,1,2,1,0,-1,-2,-1,0,0,2,1,0,1,0,0,-1,-1,-1,1,2,1,2,2,-1,"MDMA",4,45
"339",26,2,2,2,2,2,2,-2,2,2,2,2,-1,2,2,2,0,1,2,-2,0,1,2,-2,0,2,2,-2,-2,2,-2,2,-2,-2,2,-2,2,2,2,2,2,2,2,2,-2,-2,2,2,2,-2,2,2,-2,"DMT",4,17
"340",24,2,-2,2,0,0,0,2,0,-2,-2,-2,-2,-2,-2,-2,-2,-2,-2,-2,-2,-2,-2,-2,0,-2,-2,-2,1,-2,-2,1,-2,-2,-2,-2,-2,-2,-2,-2,-2,-2,-2,-2,-2,2,1,-2,-2,-2,-2,-2,-2,"Tobacco",7,7
"341",21,1,1,0,1,2,2,0,0,2,2,1,1,2,2,0,1,-1,2,0,-2,1,0,-2,2,2,0,-2,-2,0,0,2,-1,-1,1,0,2,0,2,2,0,2,0,-2,0,1,0,2,2,-2,0,2,-2,"LSD",2,74
"342",30,-1,2,-2,-1,-2,-2,-2,-2,2,2,0,-2,-2,2,-2,-2,2,-1,-2,0,2,2,-2,-2,1,-2,0,2,-2,-2,-2,-2,1,-2,-2,-1,-2,-2,-2,-2,1,-2,2,-2,2,-2,-2,-2,2,-2,-2,-2,"Salvia",2,10
"343",22,2,-1,2,2,2,2,2,0,-2,1,-2,1,1,1,0,2,-2,1,1,-2,-2,2,0,2,2,2,-2,-2,1,0,2,-2,-2,-1,1,1,0,0,0,1,1,0,-2,-1,2,0,1,1,0,1,2,-2,"MDMA",3,45
"344",63,2,1,-1,1,0,1,0,0,2,2,1,1,2,2,1,1,0,2,-2,1,1,2,-2,1,1,1,1,0,1,0,0,0,1,1,1,1,0,1,2,1,1,2,1,-2,1,-1,0,1,0,1,1,0,"LSD",3,74
"345",63,1,0,-1,1,1,1,2,1,0,0,0,0,1,0,0,0,0,1,1,0,0,1,1,-1,0,0,1,-1,1,1,0,0,0,0,0,0,0,1,0,0,0,0,-1,-1,1,1,1,1,0,1,1,-2,"Cocaine",6,10
"346",63,1,0,-1,0,0,1,1,0,0,0,0,0,0,0,0,0,0,0,0,1,0,1,1,1,0,0,0,0,0,0,-1,-1,0,0,0,0,0,0,0,0,0,0,0,1,-1,-1,0,0,0,0,0,1,"Prozac",6,2
"347",63,0,-1,1,1,0,0,1,1,1,1,1,1,0,0,0,-1,1,0,-2,1,2,0,-2,1,1,-1,1,2,-1,0,-1,1,1,1,0,0,0,0,-2,-2,-2,-2,2,-2,1,-1,-1,0,0,0,1,1,"Alcohol",7,34
"348",22,0,1,1,1,2,0,-1,0,-1,-1,-2,1,1,1,1,1,-2,2,1,-2,-1,-1,-2,-1,1,1,-1,-2,1,-2,2,2,-2,-2,1,1,2,2,2,2,0,1,-1,-1,-1,1,2,2,-1,1,1,2,"Marijuana",7,64
"349",27,2,0,1,2,2,1,1,0,1,1,0,2,2,2,2,2,0,1,1,0,1,0,-2,2,2,2,0,0,1,1,2,0,-1,-1,-1,1,1,2,2,0,2,1,0,0,1,0,2,2,-1,2,2,-2,"LSD",4,74
"350",21,2,2,2,2,2,2,2,1,1,0,-1,2,2,1,1,2,-1,1,1,-1,-1,1,0,0,1,1,-1,-2,1,0,2,-2,-2,-1,2,1,2,1,2,-1,1,2,2,0,0,-2,2,1,-2,1,2,2,"Marijuana",6,64
"351",21,-2,1,-1,-1,-1,1,2,-1,-1,1,1,1,1,-1,-2,-2,1,-2,-2,1,1,-2,1,1,1,-1,1,2,0,2,0,1,0,-1,-1,-1,-1,-1,-1,-1,-1,-1,2,-1,2,0,-1,-2,-2,-2,1,1,"Alcohol",7,34
"352",21,2,0,0,2,2,1,-1,1,2,0,0,1,2,2,2,2,0,2,2,0,-1,0,-1,1,1,2,1,-2,2,0,2,0,0,1,-1,2,0,2,1,1,2,2,-1,0,-2,-2,2,2,0,2,2,0,"Psilocybin",1,39
"353",21,-2,1,0,1,-1,-1,-2,-2,-1,-2,1,-2,-2,-2,-2,1,2,-2,-1,-1,1,-1,0,1,2,-1,1,1,0,-2,-2,0,0,0,0,0,-1,-2,-2,-2,-2,-2,0,0,0,0,0,0,0,-2,0,0,"Zoloft",6,2
"354",22,1,-1,-1,0,0,-1,1,0,0,0,0,0,0,0,0,1,-1,0,0,1,0,0,0,-2,0,-2,0,1,0,0,-2,0,0,1,0,0,1,0,0,0,0,-1,0,1,2,1,0,0,0,0,0,-1,"Tobacco",6,7
"355",22,1,-1,-1,0,0,1,0,0,0,0,0,0,0,0,0,1,0,0,0,0,0,0,0,1,0,1,0,0,0,0,1,0,0,1,0,0,-1,0,0,0,0,0,-1,1,1,0,0,0,0,0,0,0,"Caffeine",7,7
"356",22,-1,-1,1,0,1,-1,1,0,0,0,-1,-2,-1,-2,0,1,-1,1,-1,0,0,-1,-1,-1,-2,-1,2,-1,-1,-1,2,0,0,0,-1,0,1,0,0,0,0,1,0,1,0,1,-1,0,-2,-1,-1,1,"Tianeptine",6,4
"357",37,2,1,2,2,2,0,-1,1,2,2,1,0,2,2,2,2,1,0,0,0,0,2,0,-2,0,1,-2,-1,0,1,2,1,1,0,0,2,1,1,2,2,2,1,1,-2,1,-1,-2,2,2,0,1,-1,"DMT",5,17
"358",31,2,0,1,0,2,0,-2,0,0,2,0,2,2,2,1,0,0,0,-2,0,1,0,0,1,-1,-2,1,-2,0,-2,2,-2,0,-2,2,0,2,1,1,1,1,0,1,0,-2,2,-2,-2,-2,-2,2,2,"Marijuana",7,64
"359",55,-1,-2,1,0,0,0,0,0,0,0,0,0,0,0,0,0,0,0,0,0,0,0,0,0,0,0,0,0,0,0,1,0,0,0,0,0,1,0,0,0,0,0,0,1,0,0,0,0,0,0,0,0,"5HTP",5,2
"360",21,2,1,0,1,1,1,1,1,2,2,1,1,2,1,2,2,0,2,1,1,1,1,-1,2,2,1,0,-1,1,1,1,-1,1,-1,1,1,-1,2,2,0,1,1,0,-2,2,-1,1,2,-2,2,2,-2,"LSD",3,74
"361",23,2,0,2,2,2,2,2,2,2,2,-2,1,1,1,1,2,-2,2,2,-2,0,0,-2,1,2,2,-2,-2,2,2,2,0,-2,2,1,2,2,2,2,2,2,2,-2,1,0,1,2,2,0,2,2,2,"Marijuana",7,64
"362",16,-2,-2,1,1,2,0,1,-1,-2,0,-2,-1,-1,-2,-2,1,-2,-2,-2,-2,0,-2,-2,0,-1,-2,2,-1,-2,-2,2,1,0,-2,2,-2,2,-2,-2,-2,1,-1,1,1,0,2,-1,-1,0,-2,1,0,"Morphine",5,5
"363",62,1,1,0,1,0,-1,1,0,1,1,0,1,1,1,2,0,-1,2,0,-2,1,0,-2,0,0,0,0,-2,0,0,0,2,0,0,1,1,-1,2,2,2,2,0,-2,1,1,-2,1,1,-2,1,2,2,"Marijuana",7,64
"364",62,1,1,-1,2,0,1,0,0,2,2,0,-1,1,2,2,0,1,2,1,0,1,2,-2,0,1,1,-2,0,1,0,2,0,1,2,0,2,0,2,2,2,2,2,-2,1,0,-2,1,0,-2,1,-1,-1,"Mescaline",3,7
"365",37,0,1,-1,0,1,1,1,0,2,2,1,0,2,2,2,0,0,2,-1,1,2,2,-1,-1,1,1,1,1,1,0,2,0,1,1,2,2,0,2,2,2,2,1,1,0,0,-2,1,0,0,1,0,-1,"Salvia",2,10
"366",22,1,1,-2,0,0,2,-2,0,2,2,2,2,2,2,1,-2,0,2,-2,0,2,2,-2,0,0,0,0,1,0,-2,2,0,0,2,-1,2,-1,1,2,2,2,1,2,-2,2,-2,1,0,0,0,0,0,"Salvia",1,10
"367",100,-1,-2,2,2,2,-2,1,1,0,1,-1,1,0,0,1,2,-1,1,0,-1,-1,-1,-1,1,1,0,2,1,0,0,0,2,1,-1,1,0,2,0,0,1,2,2,1,-1,2,2,1,0,0,1,1,-1,"Heroine",5,20
"368",18,2,2,1,1,2,-1,-1,-2,0,1,1,-1,1,1,0,2,-1,1,-1,-2,-2,1,-2,0,-2,-2,-2,-2,-2,-2,1,-2,0,-2,1,-1,-1,-2,-2,-2,1,-2,1,-1,-1,-1,-2,-2,-2,-2,1,0,"Marijuana",3,64
"369",27,1,2,-1,-1,1,1,0,-2,2,2,2,1,1,-1,0,2,2,1,-2,1,2,1,-2,1,1,-1,2,1,-1,-1,1,1,2,-1,1,-2,-2,-1,-1,1,1,1,2,-2,2,2,-2,-2,-1,1,1,0,"DXM",4,9
"370",27,0,-1,1,0,1,1,1,0,-2,-2,-1,-1,-1,-2,-2,0,-1,-1,0,-2,-1,-1,-1,-1,-1,1,0,-2,1,0,1,1,-2,1,-2,-2,1,-1,-1,-2,0,1,-2,2,-1,1,-1,-1,0,-1,1,1,"Tianeptine",5,4
"371",59,1,0,-1,1,2,2,1,1,-1,1,-1,1,2,2,2,1,0,1,0,-2,0,1,-2,1,1,1,-1,-2,1,0,2,-1,-1,0,1,1,2,2,2,2,2,2,-1,0,-1,-2,1,1,0,2,1,1,"LSD",6,74
"372",24,0,0,0,0,0,0,0,0,0,0,0,0,0,0,0,0,1,0,0,0,0,0,1,-1,0,0,0,1,0,0,0,0,0,0,0,0,0,0,0,0,0,0,0,1,1,-1,0,0,0,0,0,0,"Aspirine",6,4
"373",24,1,1,-1,1,1,1,0,0,2,2,1,0,1,2,2,1,2,2,0,0,0,0,-2,1,1,1,-1,-1,1,1,1,-2,1,-1,-1,2,-1,2,2,1,1,1,0,-2,-1,-1,1,1,1,0,1,-2,"2C-E",2,4
"374",24,1,-1,1,0,0,1,1,0,-1,0,-1,0,0,0,0,0,0,0,1,0,0,0,1,-1,0,0,0,-1,0,0,1,0,-1,2,-2,0,0,0,0,0,0,0,-2,0,-1,0,0,0,0,0,0,0,"L-Tyrosine",6,3
"375",24,2,-1,1,2,2,2,2,2,-1,-1,-1,0,0,1,1,1,-2,1,-1,-1,-1,-1,-1,0,1,1,-1,1,1,2,-1,1,1,-1,1,1,1,1,1,1,1,1,0,-2,1,1,-1,1,1,1,2,-1,"MDA",2,3
"376",22,-1,-1,0,1,0,-1,1,1,-1,-1,-1,-1,2,1,0,-1,0,1,-1,1,-1,-1,-2,1,1,2,0,0,2,0,2,0,0,1,1,0,1,2,2,-1,2,1,2,0,-1,0,1,0,0,0,0,1,"Alcohol",4,34
"377",25,1,-1,1,2,2,1,1,0,1,0,-1,2,2,2,1,1,-1,2,1,-1,0,-1,-2,-1,2,2,-2,-2,2,1,2,-2,-2,0,2,2,2,2,1,2,2,1,0,-2,-2,-2,2,2,2,2,2,1,"2C-B",4,8
"378",22,1,-2,1,2,2,1,2,1,1,0,-1,1,2,1,1,2,-1,0,1,-2,-1,-1,-1,0,2,2,-1,-2,2,0,1,1,0,0,2,2,2,1,1,0,2,1,-2,-2,-1,0,1,2,0,0,2,-2,"MDA",2,3
"379",29,2,-2,2,2,2,2,2,-2,-2,2,-2,2,2,2,2,2,-2,2,2,-2,-2,-2,-2,2,-2,-2,-2,-2,-2,2,-2,-2,-2,-2,-2,-2,-2,-2,2,2,2,2,-2,-2,2,2,2,2,-1,-2,2,-1,"MDMA",7,45
"380",24,1,1,-1,1,2,0,-1,1,0,1,1,-1,1,2,2,1,0,2,1,-1,1,1,-2,-1,1,1,-1,-2,1,0,2,-2,0,0,-1,2,-1,1,2,1,2,1,0,-2,-1,-1,-1,1,2,1,2,-1,"4-AcO-DMT",3,3
"381",22,1,-2,2,0,1,0,2,0,0,0,-2,2,0,0,0,1,-2,1,2,-2,-2,-2,0,0,0,1,-1,-2,1,-2,1,-2,-2,-2,-2,0,2,0,0,0,0,0,-2,-1,-2,-2,1,0,0,1,2,2,"Marijuana",7,64
"382",28,1,0,2,1,2,-1,-1,0,0,0,-1,2,2,0,2,2,-2,2,2,-1,-1,-1,-1,-1,2,2,0,-2,1,1,2,0,-1,-2,1,1,1,1,1,1,2,1,-1,1,-2,0,2,0,0,1,2,2,"Marijuana",6,64
"383",26,1,0,2,1,1,-1,2,1,0,1,-1,1,2,0,1,1,-2,1,1,-2,0,0,-1,-1,1,1,0,-2,1,1,2,1,-1,-2,1,1,2,1,1,1,2,2,0,-1,-2,1,1,2,-2,2,1,1,"Marijuana",7,64
"384",33,0,2,-1,0,1,-2,-2,-1,1,-1,0,2,0,-1,2,2,0,2,-1,0,2,1,0,-1,-1,1,0,-2,1,1,2,0,1,1,1,1,2,1,0,1,2,1,0,0,2,2,2,2,0,1,0,2,"Marijuana",6,64
"385",26,2,1,-1,1,2,2,-1,0,1,2,1,1,2,2,2,2,0,1,-1,-2,1,0,-2,2,1,-1,1,0,1,-2,2,1,1,-2,-2,2,1,2,2,2,2,2,2,-2,-1,-1,2,1,1,2,2,-2,"Psilocybin",6,39
"386",26,-2,2,-2,-2,-2,-2,-2,-2,2,2,2,-2,1,2,2,2,2,1,-2,-1,2,2,-2,-2,1,2,1,1,2,-2,0,-2,2,-2,2,2,1,2,2,2,2,2,2,-2,2,-2,2,-2,1,1,-2,-2,"DMT",3,17
"387",26,2,0,1,1,1,2,2,2,-1,2,0,1,1,-2,-2,1,-2,1,-2,-1,0,2,0,-1,-1,1,1,2,1,-1,1,-2,0,1,-2,-2,-2,-2,-2,-2,2,2,1,-2,2,1,1,-2,1,2,-2,-2,"Cocaine",6,10
"388",26,-2,1,1,0,0,-2,-2,-2,2,2,2,-2,1,2,-1,1,-2,-1,-1,0,2,0,-2,2,-2,-2,0,2,-2,-2,0,-2,2,-2,2,1,0,-2,-2,-2,2,2,2,-2,2,-2,-2,-1,2,-2,-1,-2,"Ketamine",1,8
"389",26,2,2,0,-1,-1,2,1,-1,1,2,2,-2,1,0,-1,-1,1,1,-2,1,0,2,-2,2,-2,0,2,2,-2,-2,-2,0,1,-2,0,-2,-2,-2,-2,-2,1,2,1,-2,2,2,-2,-2,1,1,-2,-2,"Methamphetamine",6,2
"390",27,1,0,-1,0,0,1,1,1,0,0,0,0,1,0,0,0,0,1,0,0,0,0,0,0,0,1,1,0,0,0,0,0,0,0,1,0,0,0,0,0,0,0,1,2,0,0,1,1,0,0,0,0,"Piracetam",6,5
"391",22,0,-2,2,2,2,1,2,1,0,1,-2,2,2,1,2,1,-1,2,2,-1,1,-1,-1,1,-1,1,-2,-2,-1,-2,2,0,-1,-1,0,2,2,2,2,2,2,2,1,-2,-1,-2,2,2,-1,2,2,-2,"LSD",2,74
"392",28,0,1,2,1,1,-1,-1,0,0,0,0,2,2,0,0,1,-1,1,1,0,1,-2,0,-1,0,0,0,-2,1,0,1,0,0,0,2,1,1,1,1,0,0,0,0,1,0,1,1,0,0,1,1,2,"Marijuana",7,64
"393",21,-1,0,1,1,2,0,-1,0,-2,-1,-2,1,2,1,1,1,-1,2,1,-1,-1,-2,1,0,1,1,1,-2,1,1,2,-1,-2,0,0,1,1,1,1,0,-1,0,-2,2,-2,-1,1,2,-2,2,2,2,"Marijuana",6,64
"394",35,2,-1,2,1,2,2,2,1,1,2,0,0,2,2,1,2,0,1,0,-2,0,2,-1,1,1,1,0,0,1,2,1,-1,0,-2,1,1,0,0,1,1,2,0,-1,0,2,2,1,1,2,2,2,-2,"MDMA",6,45
"395",29,1,0,0,0,0,0,0,0,0,0,0,0,0,0,0,0,0,0,1,0,0,0,1,0,0,0,0,0,0,0,0,0,0,0,0,0,0,0,0,0,0,0,0,2,0,0,1,0,0,0,0,0,"Piracetam",6,5
"396",27,1,1,1,2,2,2,2,1,2,1,0,2,2,2,2,2,0,2,-1,0,1,0,-1,1,2,2,0,-1,2,2,1,0,0,-2,2,2,1,2,2,2,2,1,2,-1,2,-1,2,2,1,2,2,2,"4-AcO-DMT",2,3
"397",27,1,-1,2,1,2,2,2,2,-1,0,-2,1,1,-1,0,2,-2,2,2,-2,-2,-2,0,1,1,2,0,-1,2,1,1,1,-1,-2,1,0,2,1,0,0,0,0,0,1,1,1,1,1,0,2,2,2,"Hydrocodone",7,2
"398",27,-1,-1,1,0,0,-1,1,0,1,0,1,1,1,0,-1,0,0,1,-1,0,1,0,1,1,0,0,0,-1,0,0,0,0,0,1,1,0,1,0,0,0,0,0,1,1,-1,-1,-1,1,0,0,1,0,"Pregabalin",5,2
"399",18,-2,-2,-1,0,0,0,2,0,1,1,2,2,1,-1,-2,1,2,-2,-2,2,2,0,1,1,2,-2,1,2,-2,0,-2,0,0,0,0,0,2,-1,-2,0,0,0,2,-2,2,1,-2,-1,0,-2,0,0,"Alcohol",4,34
"400",23,1,0,1,0,1,-2,-1,0,2,1,0,1,1,1,0,2,0,2,-1,1,1,0,-1,0,0,-1,0,-1,-1,-2,1,-1,1,-2,1,0,-2,0,0,1,1,-1,1,-1,2,2,-1,2,-1,2,2,-2,"Ketamine",4,8
"401",24,1,-2,1,1,1,1,1,0,-2,-2,-2,-2,0,-2,-2,0,-1,1,1,-2,1,0,0,-1,0,0,0,-2,1,0,1,0,-2,-2,1,0,1,0,0,0,0,0,0,1,-2,-2,1,0,-2,-1,0,0,"Rhodiola Rosea",5,2
"402",24,2,0,1,1,0,2,2,1,-1,1,0,2,1,2,-1,1,0,0,-2,0,1,1,0,0,2,1,2,2,1,2,1,1,1,-2,0,1,1,0,0,0,1,1,1,-1,1,1,0,0,0,0,0,2,"Marijuana",6,64
"403",25,-1,-1,0,0,1,0,1,1,-1,-2,-2,1,-1,-2,-1,-2,-2,-1,-1,0,1,-1,1,-1,0,-2,2,1,-2,-2,0,-1,1,-2,2,0,2,-1,-2,-2,-1,-2,2,0,-1,1,-1,-1,-1,0,-1,1,"Alcohol",7,34
"404",25,1,0,-1,2,2,2,2,1,0,2,-1,1,1,1,0,2,-1,1,0,-1,0,1,-2,2,2,2,-2,-1,2,0,2,-1,0,0,-1,1,-1,2,2,-1,2,2,-1,-2,0,-2,2,2,1,1,2,-2,"MDMA",3,45
"405",45,2,0,-1,1,1,1,0,-1,1,2,0,1,2,1,2,1,0,2,2,-1,1,2,-2,1,2,2,-1,0,1,0,2,-1,0,2,2,2,0,2,2,2,2,2,0,-2,0,-1,2,2,0,2,2,2,"LSD",4,74
"406",26,1,1,-1,1,2,2,2,2,-1,0,-1,1,2,2,-1,2,1,1,0,0,-2,-1,-2,-1,2,1,0,-2,1,1,2,-1,0,-1,0,2,0,1,1,-1,2,-1,-1,-2,0,0,1,2,2,2,2,2,"2C-B",3,8
"407",24,2,-2,-2,2,2,2,2,1,-2,1,-1,-1,-1,1,-1,2,-1,-1,-2,-2,0,2,1,-1,2,1,0,-1,1,-1,2,-2,-2,-2,-2,1,1,1,-2,-2,1,2,2,-2,1,1,-2,2,0,-1,2,-2,"MDMA",6,45
"408",23,2,1,-1,-1,1,2,1,1,1,2,0,-1,0,2,1,2,1,2,-1,0,1,1,0,1,2,1,0,-1,1,1,0,-1,-1,-1,0,2,-1,-1,-1,-1,-1,0,0,-1,1,-2,0,2,1,2,2,-2,"2C-E",4,4
"409",23,-1,-2,2,-1,-1,-1,2,-1,0,-1,-1,1,1,0,-2,1,-2,1,0,-1,1,-1,-2,-1,-1,-2,0,2,-2,1,-2,2,-1,-2,2,-1,-1,-2,-2,-1,-2,-2,1,0,0,0,-2,1,1,-1,2,-1,"Ketamine",3,8
"410",23,0,-2,1,-2,-2,-2,-2,-2,2,0,1,1,1,0,0,-1,1,0,0,-1,1,-1,0,1,-2,-2,1,1,-2,-2,-2,0,2,-2,1,-2,-2,-2,-2,-2,-2,-2,1,-1,-1,-2,-2,1,2,-2,2,0,"DXM",2,9
"411",34,1,-1,1,2,2,0,1,1,2,2,0,0,2,2,0,-1,1,0,-1,0,1,-1,-2,-2,1,1,-1,0,0,-1,2,1,2,-2,0,1,1,1,1,1,1,0,1,-1,2,0,-1,1,0,0,0,-1,"Tianeptine",5,4
"412",48,1,0,0,0,0,1,-1,0,0,0,0,0,0,0,0,0,0,0,0,0,0,0,0,1,0,2,1,0,2,0,2,0,0,0,0,0,0,0,0,0,0,0,0,1,0,0,0,0,0,0,0,0,"Piracetam",4,5
"413",24,-1,1,2,0,0,-2,-2,0,2,2,1,0,2,2,-1,-2,-1,2,-1,-1,1,0,-2,-1,0,-1,-2,-2,-1,-2,2,-1,0,-2,2,0,1,1,2,2,1,0,2,-2,0,0,0,-1,1,1,1,-2,"Ketamine",4,8
"414",22,0,-2,2,0,1,-2,0,-2,0,1,-1,0,2,-1,1,-2,-2,1,-2,0,2,-2,0,2,0,-1,1,-2,0,1,1,0,0,1,2,1,1,1,1,1,1,1,2,-1,0,-2,-2,1,0,2,2,2,"Marijuana",4,64
"415",17,-1,1,1,1,1,-2,1,0,0,-1,-1,2,2,1,2,2,-2,2,-1,-1,1,-2,0,1,-1,-2,-2,0,-2,1,1,0,1,0,2,1,1,0,0,0,0,0,1,0,0,1,1,1,0,1,2,2,"Marijuana",5,64
"416",21,2,1,-1,1,1,2,-1,1,2,2,2,0,2,2,2,2,2,2,1,-1,-1,2,-2,2,2,2,1,-2,2,0,2,0,0,0,-2,2,1,2,2,2,2,2,1,-1,2,-2,2,2,1,1,2,1,"LSD",2,74
"417",68,0,0,1,2,2,1,2,2,0,0,0,0,0,2,2,2,0,0,0,0,0,0,2,2,0,2,0,0,1,0,2,0,0,0,1,2,1,2,2,2,2,2,0,2,0,0,0,2,0,0,2,0,"Mescaline",5,7
"418",28,-1,1,2,1,2,0,0,1,0,-1,-2,1,2,-1,1,1,-1,1,1,-1,-1,-2,-1,1,1,0,0,-2,0,1,1,1,-1,0,1,1,1,1,1,1,1,1,0,0,1,1,1,1,1,1,1,1,"Marijuana",7,64
"419",26,1,-2,1,-1,-1,-1,2,0,-1,-1,0,-1,1,0,-2,-1,-1,-2,1,-1,-2,-1,0,-1,-1,1,1,1,1,0,0,1,0,1,0,-1,1,1,-1,-2,-2,-1,-1,1,0,2,1,-1,-1,0,-1,-2,"Tobacco",7,7
"420",31,2,1,1,0,0,2,1,0,-2,0,-2,-2,1,-2,-2,-2,-2,0,2,1,-2,0,-2,0,0,2,-1,0,2,-1,2,-2,-2,0,-2,-2,-2,1,-2,-2,0,2,-2,-2,1,1,2,0,0,0,0,-1,"D-Amphetamine",7,12
"421",27,2,1,0,1,1,2,2,1,2,2,1,1,2,2,0,2,-2,2,2,-2,-2,-1,0,1,0,2,-2,-2,2,0,2,0,-2,2,0,2,2,2,2,2,2,2,-2,0,-2,-2,2,2,2,2,2,2,"LSD",6,74
"422",27,-2,2,-2,-2,-2,-2,-2,-2,-2,2,2,-2,-2,-2,-2,-2,2,-2,-2,2,2,-2,-2,2,-2,-2,2,2,-2,-2,-2,-2,2,-2,2,-2,-2,-2,-2,-2,-2,2,2,-2,2,-2,-2,-2,-2,-2,-2,-2,"Zoloft",7,2
"423",51,2,-2,-1,2,2,2,1,0,2,2,-2,2,2,2,2,1,1,2,-2,-2,-1,-1,-2,2,2,2,-2,-2,1,1,2,-2,-1,-2,2,2,0,2,2,2,2,2,-1,-2,1,-1,2,2,0,2,2,-1,"Psilocybin",3,39
"424",51,-1,1,-1,1,1,-1,1,1,1,0,-1,1,1,1,1,1,-2,2,-1,-2,1,-1,-2,1,1,1,-2,-2,1,1,2,-2,-2,-2,1,1,1,1,1,1,-1,1,1,1,-1,-1,1,1,0,1,2,2,"Marijuana",6,64
"425",51,-1,-1,-1,-2,-1,-1,1,1,-2,-1,-1,1,1,-2,-2,1,-1,-1,-1,0,1,-1,0,1,1,-2,-1,-1,-1,-1,1,-1,-1,-2,-1,-1,1,-2,-2,-2,-2,-2,1,-1,2,-1,-2,-1,0,-1,1,1,"Alcohol",7,34
"426",51,2,-2,-2,2,2,2,2,2,-2,2,-2,0,2,1,2,2,-2,0,0,-2,-2,2,-2,1,2,2,-2,-2,2,2,2,-2,-2,-2,-2,2,0,0,2,1,2,2,-2,-2,1,-1,0,2,0,0,2,-1,"MDMA",3,45
"427",51,-1,-1,-1,2,2,1,-1,-1,1,2,2,1,2,1,2,-1,2,2,1,0,-1,-1,-2,2,2,2,-2,-2,2,1,2,-2,-1,0,2,1,1,2,2,2,2,2,1,-2,-2,-1,1,1,0,-1,1,-1,"Ayahuasca",2,1
"428",51,1,-2,1,1,1,1,1,1,-1,-1,-2,1,1,1,1,1,-1,1,0,-1,-1,-1,-1,1,1,1,-2,-2,1,1,2,-2,-2,-2,1,1,-1,1,1,1,1,1,-2,-2,-2,-2,0,1,0,0,2,-1,"LSD",1,74
"429",NA,0,-1,2,1,2,1,0,0,0,2,0,0,2,2,2,1,1,2,1,0,0,0,0,2,0,2,0,0,2,2,2,0,0,0,0,2,1,2,2,2,2,2,0,1,0,2,2,2,2,2,2,0,"Ketamine",6,8
"430",19,2,0,2,1,1,1,1,1,0,1,1,1,0,0,0,2,2,2,-2,2,2,-2,0,2,2,-2,2,2,-2,1,1,2,2,0,0,0,0,-2,0,0,0,0,2,-2,2,2,0,1,0,-2,2,2,"Alcohol",5,34
"431",30,2,-2,-1,1,1,2,2,2,1,1,-2,0,1,1,1,2,-2,1,0,-2,-2,1,-2,1,1,1,-1,-2,1,1,2,-2,-2,-2,-2,1,0,1,1,0,1,1,-1,-2,-2,-2,0,1,1,0,2,-1,"MDA",4,3
"432",22,1,1,-1,2,1,1,2,1,1,1,0,2,2,1,2,2,0,2,0,-2,1,1,-2,1,1,2,1,-2,2,0,2,0,0,1,2,0,0,2,2,0,2,2,1,2,-1,2,2,2,0,1,2,2,"Marijuana",6,64
"433",22,1,0,0,2,2,1,1,2,1,2,1,0,2,1,2,0,-1,2,1,0,1,-1,-2,2,2,2,-1,-1,2,0,2,1,-2,-1,2,1,1,2,2,2,2,2,1,1,-1,1,2,2,0,2,2,1,"Psilocybin",2,39
"434",19,1,1,0,0,0,1,0,0,0,1,0,0,2,1,0,1,0,1,0,0,1,1,0,1,1,1,1,-1,1,0,1,1,-1,0,1,0,2,1,1,1,1,1,0,1,1,0,1,1,0,1,2,0,"LSD",3,74
"435",40,2,1,0,1,1,1,-1,-1,2,2,1,1,2,2,1,1,1,2,-2,-1,1,0,-2,1,0,1,1,0,1,0,1,0,1,0,2,2,1,1,1,1,2,1,-1,-1,0,-1,1,2,0,0,2,-1,"Psilocybin",5,39
"436",22,2,1,0,1,1,2,2,1,1,2,1,0,2,0,1,-1,0,1,1,0,1,1,-1,1,0,0,1,1,1,1,2,-2,0,0,1,0,1,2,1,-1,1,1,-1,-2,1,2,2,2,-2,1,2,-2,"D-Amphetamine",7,12
"437",24,-1,0,1,1,1,0,-1,1,1,0,0,1,1,0,1,1,-2,1,-1,-1,1,-1,-1,1,2,1,0,-2,1,2,2,1,-1,-1,1,1,2,2,2,1,1,2,1,-1,1,1,2,1,0,2,1,2,"Marijuana",7,64
"438",20,2,-2,1,2,2,2,2,2,0,1,-2,1,2,2,0,2,-2,0,1,0,0,1,-1,1,2,2,-1,-2,2,2,2,0,-1,1,-2,2,2,2,2,0,2,2,-2,0,-2,-2,1,0,-2,0,2,0,"MDMA",3,45
"439",100,1,-2,0,0,1,1,0,2,1,1,-1,1,2,2,1,1,-2,1,0,-2,-2,1,-1,-1,-1,2,0,-2,2,0,2,-1,-2,-2,1,1,0,1,1,1,2,1,-2,0,-2,1,1,2,0,2,2,0,"Salvia",3,10
"440",24,0,-1,1,0,0,0,0,0,0,0,0,0,0,0,0,-1,1,0,0,-1,0,0,1,0,0,0,0,0,0,0,-1,0,-1,0,1,0,1,0,-1,-1,0,-1,0,2,0,0,0,0,0,-1,0,-1,"5HTP",4,2
"441",24,1,2,-2,-1,-1,1,1,-1,2,2,2,2,2,1,0,1,2,1,-2,1,2,2,-2,-2,-1,1,-2,-1,0,-1,1,-1,1,-2,2,1,-1,1,1,1,1,1,2,-2,1,-2,0,1,-1,-2,0,-1,"Salvia",4,10
"442",24,1,-1,1,0,0,0,1,0,0,0,0,0,1,1,0,0,0,1,1,0,-1,0,0,0,-1,0,0,-1,0,-1,1,0,-1,1,-1,1,0,1,-1,-1,-1,-1,-1,1,-1,0,0,0,0,1,0,-1,"Coluracetam",3,1
